case_id,spec_id,split,scenario,fixture_seed,generation_contract,expected,state,result
n1_r000,HS_n1_b1,DEV,change_k,29110000,use split-specific base input; alter scenario fields only; legal torus points and ordered times; no numerical execution now,same graph/layout/compiled code; match independent oracle,PLANNED,NOT_COMPUTED
n1_r001,HS_n1_b1,DEV,change_q,29110001,use split-specific base input; alter scenario fields only; legal torus points and ordered times; no numerical execution now,same graph/layout/compiled code; match independent oracle,PLANNED,NOT_COMPUTED
n1_r002,HS_n1_b1,DEV,change_tau,29110002,use split-specific base input; alter scenario fields only; legal torus points and ordered times; no numerical execution now,same graph/layout/compiled code; match independent oracle,PLANNED,NOT_COMPUTED
n1_r003,HS_n1_b1,DEV,change_t,29110003,use split-specific base input; alter scenario fields only; legal torus points and ordered times; no numerical execution now,same graph/layout/compiled code; match independent oracle,PLANNED,NOT_COMPUTED
n1_r004,HS_n1_b1,DEV,change_omega,29110004,use split-specific base input; alter scenario fields only; legal torus points and ordered times; no numerical execution now,same graph/layout/compiled code; match independent oracle,PLANNED,NOT_COMPUTED
n1_r005,HS_n1_b1,DEV,change_g,29110005,use split-specific base input; alter scenario fields only; legal torus points and ordered times; no numerical execution now,same graph/layout/compiled code; match independent oracle,PLANNED,NOT_COMPUTED
n1_r006,HS_n1_b1,DEV,g_zero,29110006,use split-specific base input; alter scenario fields only; legal torus points and ordered times; no numerical execution now,same graph/layout/compiled code; match independent oracle,PLANNED,NOT_COMPUTED
n1_r007,HS_n1_b1,DEV,joint_parameters,29110007,use split-specific base input; alter scenario fields only; legal torus points and ordered times; no numerical execution now,same graph/layout/compiled code; match independent oracle,PLANNED,NOT_COMPUTED
n1_r008,HS_n1_b1,DEV,joint_sample,29110008,use split-specific base input; alter scenario fields only; legal torus points and ordered times; no numerical execution now,same graph/layout/compiled code; match independent oracle,PLANNED,NOT_COMPUTED
n1_r009,HS_n1_b1,DEV,repeat_q_then_separate,29110009,use split-specific base input; alter scenario fields only; legal torus points and ordered times; no numerical execution now,same graph/layout/compiled code; match independent oracle,PLANNED,NOT_COMPUTED
n1_r010,HS_n1_b1,DEV,repeat_dtau_then_separate,29110010,use split-specific base input; alter scenario fields only; legal torus points and ordered times; no numerical execution now,same graph/layout/compiled code; match independent oracle,PLANNED,NOT_COMPUTED
n1_r011,HS_n1_b1,DEV,change_L_analytic,29110011,use split-specific base input; alter scenario fields only; legal torus points and ordered times; no numerical execution now,same graph/layout/compiled code; match independent oracle,PLANNED,NOT_COMPUTED
n1_r012,HS_n1_b1,DEV,small_nonzero_g,29110012,use split-specific base input; alter scenario fields only; legal torus points and ordered times; no numerical execution now,same graph/layout/compiled code; match independent oracle,PLANNED,NOT_COMPUTED
n1_r013,HS_n1_b1,DEV,longer_legal_intervals,29110013,use split-specific base input; alter scenario fields only; legal torus points and ordered times; no numerical execution now,same graph/layout/compiled code; match independent oracle,PLANNED,NOT_COMPUTED
n1_r014,HS_n1_b1,DEV,same_input_repeat,29110014,use split-specific base input; alter scenario fields only; legal torus points and ordered times; no numerical execution now,same graph/layout/compiled code; match independent oracle,PLANNED,NOT_COMPUTED
n1_r015,HS_n1_b1,DEV,interleaved_contexts,29110015,use split-specific base input; alter scenario fields only; legal torus points and ordered times; no numerical execution now,same graph/layout/compiled code; match independent oracle,PLANNED,NOT_COMPUTED
n1_r016,HS_n1_b1,DEV,change_k,29110016,use split-specific base input; alter scenario fields only; legal torus points and ordered times; no numerical execution now,same graph/layout/compiled code; match independent oracle,PLANNED,NOT_COMPUTED
n1_r017,HS_n1_b1,DEV,change_q,29110017,use split-specific base input; alter scenario fields only; legal torus points and ordered times; no numerical execution now,same graph/layout/compiled code; match independent oracle,PLANNED,NOT_COMPUTED
n1_r018,HS_n1_b1,DEV,change_tau,29110018,use split-specific base input; alter scenario fields only; legal torus points and ordered times; no numerical execution now,same graph/layout/compiled code; match independent oracle,PLANNED,NOT_COMPUTED
n1_r019,HS_n1_b1,DEV,change_t,29110019,use split-specific base input; alter scenario fields only; legal torus points and ordered times; no numerical execution now,same graph/layout/compiled code; match independent oracle,PLANNED,NOT_COMPUTED
n1_r020,HS_n1_b1,DEV,change_omega,29110020,use split-specific base input; alter scenario fields only; legal torus points and ordered times; no numerical execution now,same graph/layout/compiled code; match independent oracle,PLANNED,NOT_COMPUTED
n1_r021,HS_n1_b1,DEV,change_g,29110021,use split-specific base input; alter scenario fields only; legal torus points and ordered times; no numerical execution now,same graph/layout/compiled code; match independent oracle,PLANNED,NOT_COMPUTED
n1_r022,HS_n1_b1,DEV,g_zero,29110022,use split-specific base input; alter scenario fields only; legal torus points and ordered times; no numerical execution now,same graph/layout/compiled code; match independent oracle,PLANNED,NOT_COMPUTED
n1_r023,HS_n1_b1,DEV,joint_parameters,29110023,use split-specific base input; alter scenario fields only; legal torus points and ordered times; no numerical execution now,same graph/layout/compiled code; match independent oracle,PLANNED,NOT_COMPUTED
n1_r024,HS_n1_b1,DEV,joint_sample,29110024,use split-specific base input; alter scenario fields only; legal torus points and ordered times; no numerical execution now,same graph/layout/compiled code; match independent oracle,PLANNED,NOT_COMPUTED
n1_r025,HS_n1_b1,DEV,repeat_q_then_separate,29110025,use split-specific base input; alter scenario fields only; legal torus points and ordered times; no numerical execution now,same graph/layout/compiled code; match independent oracle,PLANNED,NOT_COMPUTED
n1_r026,HS_n1_b1,DEV,repeat_dtau_then_separate,29110026,use split-specific base input; alter scenario fields only; legal torus points and ordered times; no numerical execution now,same graph/layout/compiled code; match independent oracle,PLANNED,NOT_COMPUTED
n1_r027,HS_n1_b1,DEV,change_L_analytic,29110027,use split-specific base input; alter scenario fields only; legal torus points and ordered times; no numerical execution now,same graph/layout/compiled code; match independent oracle,PLANNED,NOT_COMPUTED
n1_r028,HS_n1_b1,DEV,small_nonzero_g,29110028,use split-specific base input; alter scenario fields only; legal torus points and ordered times; no numerical execution now,same graph/layout/compiled code; match independent oracle,PLANNED,NOT_COMPUTED
n1_r029,HS_n1_b1,DEV,longer_legal_intervals,29110029,use split-specific base input; alter scenario fields only; legal torus points and ordered times; no numerical execution now,same graph/layout/compiled code; match independent oracle,PLANNED,NOT_COMPUTED
n1_r030,HS_n1_b1,DEV,same_input_repeat,29110030,use split-specific base input; alter scenario fields only; legal torus points and ordered times; no numerical execution now,same graph/layout/compiled code; match independent oracle,PLANNED,NOT_COMPUTED
n1_r031,HS_n1_b1,DEV,interleaved_contexts,29110031,use split-specific base input; alter scenario fields only; legal torus points and ordered times; no numerical execution now,same graph/layout/compiled code; match independent oracle,PLANNED,NOT_COMPUTED
n1_r032,HS_n1_b1,DEV,change_k,29110032,use split-specific base input; alter scenario fields only; legal torus points and ordered times; no numerical execution now,same graph/layout/compiled code; match independent oracle,PLANNED,NOT_COMPUTED
n1_r033,HS_n1_b1,DEV,change_q,29110033,use split-specific base input; alter scenario fields only; legal torus points and ordered times; no numerical execution now,same graph/layout/compiled code; match independent oracle,PLANNED,NOT_COMPUTED
n1_r034,HS_n1_b1,DEV,change_tau,29110034,use split-specific base input; alter scenario fields only; legal torus points and ordered times; no numerical execution now,same graph/layout/compiled code; match independent oracle,PLANNED,NOT_COMPUTED
n1_r035,HS_n1_b1,DEV,change_t,29110035,use split-specific base input; alter scenario fields only; legal torus points and ordered times; no numerical execution now,same graph/layout/compiled code; match independent oracle,PLANNED,NOT_COMPUTED
n1_r036,HS_n1_b1,DEV,change_omega,29110036,use split-specific base input; alter scenario fields only; legal torus points and ordered times; no numerical execution now,same graph/layout/compiled code; match independent oracle,PLANNED,NOT_COMPUTED
n1_r037,HS_n1_b1,DEV,change_g,29110037,use split-specific base input; alter scenario fields only; legal torus points and ordered times; no numerical execution now,same graph/layout/compiled code; match independent oracle,PLANNED,NOT_COMPUTED
n1_r038,HS_n1_b1,DEV,g_zero,29110038,use split-specific base input; alter scenario fields only; legal torus points and ordered times; no numerical execution now,same graph/layout/compiled code; match independent oracle,PLANNED,NOT_COMPUTED
n1_r039,HS_n1_b1,DEV,joint_parameters,29110039,use split-specific base input; alter scenario fields only; legal torus points and ordered times; no numerical execution now,same graph/layout/compiled code; match independent oracle,PLANNED,NOT_COMPUTED
n1_r040,HS_n1_b1,DEV,joint_sample,29110040,use split-specific base input; alter scenario fields only; legal torus points and ordered times; no numerical execution now,same graph/layout/compiled code; match independent oracle,PLANNED,NOT_COMPUTED
n1_r041,HS_n1_b1,DEV,repeat_q_then_separate,29110041,use split-specific base input; alter scenario fields only; legal torus points and ordered times; no numerical execution now,same graph/layout/compiled code; match independent oracle,PLANNED,NOT_COMPUTED
n1_r042,HS_n1_b1,DEV,repeat_dtau_then_separate,29110042,use split-specific base input; alter scenario fields only; legal torus points and ordered times; no numerical execution now,same graph/layout/compiled code; match independent oracle,PLANNED,NOT_COMPUTED
n1_r043,HS_n1_b1,DEV,change_L_analytic,29110043,use split-specific base input; alter scenario fields only; legal torus points and ordered times; no numerical execution now,same graph/layout/compiled code; match independent oracle,PLANNED,NOT_COMPUTED
n1_r044,HS_n1_b1,DEV,small_nonzero_g,29110044,use split-specific base input; alter scenario fields only; legal torus points and ordered times; no numerical execution now,same graph/layout/compiled code; match independent oracle,PLANNED,NOT_COMPUTED
n1_r045,HS_n1_b1,DEV,longer_legal_intervals,29110045,use split-specific base input; alter scenario fields only; legal torus points and ordered times; no numerical execution now,same graph/layout/compiled code; match independent oracle,PLANNED,NOT_COMPUTED
n1_r046,HS_n1_b1,DEV,same_input_repeat,29110046,use split-specific base input; alter scenario fields only; legal torus points and ordered times; no numerical execution now,same graph/layout/compiled code; match independent oracle,PLANNED,NOT_COMPUTED
n1_r047,HS_n1_b1,DEV,interleaved_contexts,29110047,use split-specific base input; alter scenario fields only; legal torus points and ordered times; no numerical execution now,same graph/layout/compiled code; match independent oracle,PLANNED,NOT_COMPUTED
n1_r048,HS_n1_b1,DEV,change_k,29110048,use split-specific base input; alter scenario fields only; legal torus points and ordered times; no numerical execution now,same graph/layout/compiled code; match independent oracle,PLANNED,NOT_COMPUTED
n1_r049,HS_n1_b1,DEV,change_q,29110049,use split-specific base input; alter scenario fields only; legal torus points and ordered times; no numerical execution now,same graph/layout/compiled code; match independent oracle,PLANNED,NOT_COMPUTED
n1_r050,HS_n1_b1,DEV,change_tau,29110050,use split-specific base input; alter scenario fields only; legal torus points and ordered times; no numerical execution now,same graph/layout/compiled code; match independent oracle,PLANNED,NOT_COMPUTED
n1_r051,HS_n1_b1,DEV,change_t,29110051,use split-specific base input; alter scenario fields only; legal torus points and ordered times; no numerical execution now,same graph/layout/compiled code; match independent oracle,PLANNED,NOT_COMPUTED
n1_r052,HS_n1_b1,DEV,change_omega,29110052,use split-specific base input; alter scenario fields only; legal torus points and ordered times; no numerical execution now,same graph/layout/compiled code; match independent oracle,PLANNED,NOT_COMPUTED
n1_r053,HS_n1_b1,DEV,change_g,29110053,use split-specific base input; alter scenario fields only; legal torus points and ordered times; no numerical execution now,same graph/layout/compiled code; match independent oracle,PLANNED,NOT_COMPUTED
n1_r054,HS_n1_b1,DEV,g_zero,29110054,use split-specific base input; alter scenario fields only; legal torus points and ordered times; no numerical execution now,same graph/layout/compiled code; match independent oracle,PLANNED,NOT_COMPUTED
n1_r055,HS_n1_b1,DEV,joint_parameters,29110055,use split-specific base input; alter scenario fields only; legal torus points and ordered times; no numerical execution now,same graph/layout/compiled code; match independent oracle,PLANNED,NOT_COMPUTED
n1_r056,HS_n1_b1,DEV,joint_sample,29110056,use split-specific base input; alter scenario fields only; legal torus points and ordered times; no numerical execution now,same graph/layout/compiled code; match independent oracle,PLANNED,NOT_COMPUTED
n1_r057,HS_n1_b1,DEV,repeat_q_then_separate,29110057,use split-specific base input; alter scenario fields only; legal torus points and ordered times; no numerical execution now,same graph/layout/compiled code; match independent oracle,PLANNED,NOT_COMPUTED
n1_r058,HS_n1_b1,DEV,repeat_dtau_then_separate,29110058,use split-specific base input; alter scenario fields only; legal torus points and ordered times; no numerical execution now,same graph/layout/compiled code; match independent oracle,PLANNED,NOT_COMPUTED
n1_r059,HS_n1_b1,DEV,change_L_analytic,29110059,use split-specific base input; alter scenario fields only; legal torus points and ordered times; no numerical execution now,same graph/layout/compiled code; match independent oracle,PLANNED,NOT_COMPUTED
n1_r060,HS_n1_b1,DEV,small_nonzero_g,29110060,use split-specific base input; alter scenario fields only; legal torus points and ordered times; no numerical execution now,same graph/layout/compiled code; match independent oracle,PLANNED,NOT_COMPUTED
n1_r061,HS_n1_b1,DEV,longer_legal_intervals,29110061,use split-specific base input; alter scenario fields only; legal torus points and ordered times; no numerical execution now,same graph/layout/compiled code; match independent oracle,PLANNED,NOT_COMPUTED
n1_r062,HS_n1_b1,DEV,same_input_repeat,29110062,use split-specific base input; alter scenario fields only; legal torus points and ordered times; no numerical execution now,same graph/layout/compiled code; match independent oracle,PLANNED,NOT_COMPUTED
n1_r063,HS_n1_b1,DEV,interleaved_contexts,29110063,use split-specific base input; alter scenario fields only; legal torus points and ordered times; no numerical execution now,same graph/layout/compiled code; match independent oracle,PLANNED,NOT_COMPUTED
n1_r064,HS_n1_b1,DEV,change_k,29110064,use split-specific base input; alter scenario fields only; legal torus points and ordered times; no numerical execution now,same graph/layout/compiled code; match independent oracle,PLANNED,NOT_COMPUTED
n1_r065,HS_n1_b1,DEV,change_q,29110065,use split-specific base input; alter scenario fields only; legal torus points and ordered times; no numerical execution now,same graph/layout/compiled code; match independent oracle,PLANNED,NOT_COMPUTED
n1_r066,HS_n1_b1,DEV,change_tau,29110066,use split-specific base input; alter scenario fields only; legal torus points and ordered times; no numerical execution now,same graph/layout/compiled code; match independent oracle,PLANNED,NOT_COMPUTED
n1_r067,HS_n1_b1,DEV,change_t,29110067,use split-specific base input; alter scenario fields only; legal torus points and ordered times; no numerical execution now,same graph/layout/compiled code; match independent oracle,PLANNED,NOT_COMPUTED
n1_r068,HS_n1_b1,DEV,change_omega,29110068,use split-specific base input; alter scenario fields only; legal torus points and ordered times; no numerical execution now,same graph/layout/compiled code; match independent oracle,PLANNED,NOT_COMPUTED
n1_r069,HS_n1_b1,DEV,change_g,29110069,use split-specific base input; alter scenario fields only; legal torus points and ordered times; no numerical execution now,same graph/layout/compiled code; match independent oracle,PLANNED,NOT_COMPUTED
n1_r070,HS_n1_b1,DEV,g_zero,29110070,use split-specific base input; alter scenario fields only; legal torus points and ordered times; no numerical execution now,same graph/layout/compiled code; match independent oracle,PLANNED,NOT_COMPUTED
n1_r071,HS_n1_b1,DEV,joint_parameters,29110071,use split-specific base input; alter scenario fields only; legal torus points and ordered times; no numerical execution now,same graph/layout/compiled code; match independent oracle,PLANNED,NOT_COMPUTED
n1_r072,HS_n1_b1,DEV,joint_sample,29110072,use split-specific base input; alter scenario fields only; legal torus points and ordered times; no numerical execution now,same graph/layout/compiled code; match independent oracle,PLANNED,NOT_COMPUTED
n1_r073,HS_n1_b1,DEV,repeat_q_then_separate,29110073,use split-specific base input; alter scenario fields only; legal torus points and ordered times; no numerical execution now,same graph/layout/compiled code; match independent oracle,PLANNED,NOT_COMPUTED
n1_r074,HS_n1_b1,DEV,repeat_dtau_then_separate,29110074,use split-specific base input; alter scenario fields only; legal torus points and ordered times; no numerical execution now,same graph/layout/compiled code; match independent oracle,PLANNED,NOT_COMPUTED
n1_r075,HS_n1_b1,DEV,change_L_analytic,29110075,use split-specific base input; alter scenario fields only; legal torus points and ordered times; no numerical execution now,same graph/layout/compiled code; match independent oracle,PLANNED,NOT_COMPUTED
n1_r076,HS_n1_b1,DEV,small_nonzero_g,29110076,use split-specific base input; alter scenario fields only; legal torus points and ordered times; no numerical execution now,same graph/layout/compiled code; match independent oracle,PLANNED,NOT_COMPUTED
n1_r077,HS_n1_b1,DEV,longer_legal_intervals,29110077,use split-specific base input; alter scenario fields only; legal torus points and ordered times; no numerical execution now,same graph/layout/compiled code; match independent oracle,PLANNED,NOT_COMPUTED
n1_r078,HS_n1_b1,DEV,same_input_repeat,29110078,use split-specific base input; alter scenario fields only; legal torus points and ordered times; no numerical execution now,same graph/layout/compiled code; match independent oracle,PLANNED,NOT_COMPUTED
n1_r079,HS_n1_b1,DEV,interleaved_contexts,29110079,use split-specific base input; alter scenario fields only; legal torus points and ordered times; no numerical execution now,same graph/layout/compiled code; match independent oracle,PLANNED,NOT_COMPUTED
n1_r080,HS_n1_b1,DEV,change_k,29110080,use split-specific base input; alter scenario fields only; legal torus points and ordered times; no numerical execution now,same graph/layout/compiled code; match independent oracle,PLANNED,NOT_COMPUTED
n1_r081,HS_n1_b1,DEV,change_q,29110081,use split-specific base input; alter scenario fields only; legal torus points and ordered times; no numerical execution now,same graph/layout/compiled code; match independent oracle,PLANNED,NOT_COMPUTED
n1_r082,HS_n1_b1,DEV,change_tau,29110082,use split-specific base input; alter scenario fields only; legal torus points and ordered times; no numerical execution now,same graph/layout/compiled code; match independent oracle,PLANNED,NOT_COMPUTED
n1_r083,HS_n1_b1,DEV,change_t,29110083,use split-specific base input; alter scenario fields only; legal torus points and ordered times; no numerical execution now,same graph/layout/compiled code; match independent oracle,PLANNED,NOT_COMPUTED
n1_r084,HS_n1_b1,DEV,change_omega,29110084,use split-specific base input; alter scenario fields only; legal torus points and ordered times; no numerical execution now,same graph/layout/compiled code; match independent oracle,PLANNED,NOT_COMPUTED
n1_r085,HS_n1_b1,DEV,change_g,29110085,use split-specific base input; alter scenario fields only; legal torus points and ordered times; no numerical execution now,same graph/layout/compiled code; match independent oracle,PLANNED,NOT_COMPUTED
n1_r086,HS_n1_b1,DEV,g_zero,29110086,use split-specific base input; alter scenario fields only; legal torus points and ordered times; no numerical execution now,same graph/layout/compiled code; match independent oracle,PLANNED,NOT_COMPUTED
n1_r087,HS_n1_b1,DEV,joint_parameters,29110087,use split-specific base input; alter scenario fields only; legal torus points and ordered times; no numerical execution now,same graph/layout/compiled code; match independent oracle,PLANNED,NOT_COMPUTED
n1_r088,HS_n1_b1,DEV,joint_sample,29110088,use split-specific base input; alter scenario fields only; legal torus points and ordered times; no numerical execution now,same graph/layout/compiled code; match independent oracle,PLANNED,NOT_COMPUTED
n1_r089,HS_n1_b1,DEV,repeat_q_then_separate,29110089,use split-specific base input; alter scenario fields only; legal torus points and ordered times; no numerical execution now,same graph/layout/compiled code; match independent oracle,PLANNED,NOT_COMPUTED
n1_r090,HS_n1_b1,DEV,repeat_dtau_then_separate,29110090,use split-specific base input; alter scenario fields only; legal torus points and ordered times; no numerical execution now,same graph/layout/compiled code; match independent oracle,PLANNED,NOT_COMPUTED
n1_r091,HS_n1_b1,DEV,change_L_analytic,29110091,use split-specific base input; alter scenario fields only; legal torus points and ordered times; no numerical execution now,same graph/layout/compiled code; match independent oracle,PLANNED,NOT_COMPUTED
n1_r092,HS_n1_b1,DEV,small_nonzero_g,29110092,use split-specific base input; alter scenario fields only; legal torus points and ordered times; no numerical execution now,same graph/layout/compiled code; match independent oracle,PLANNED,NOT_COMPUTED
n1_r093,HS_n1_b1,DEV,longer_legal_intervals,29110093,use split-specific base input; alter scenario fields only; legal torus points and ordered times; no numerical execution now,same graph/layout/compiled code; match independent oracle,PLANNED,NOT_COMPUTED
n1_r094,HS_n1_b1,DEV,same_input_repeat,29110094,use split-specific base input; alter scenario fields only; legal torus points and ordered times; no numerical execution now,same graph/layout/compiled code; match independent oracle,PLANNED,NOT_COMPUTED
n1_r095,HS_n1_b1,DEV,interleaved_contexts,29110095,use split-specific base input; alter scenario fields only; legal torus points and ordered times; no numerical execution now,same graph/layout/compiled code; match independent oracle,PLANNED,NOT_COMPUTED
n1_r096,HS_n1_b1,DEV,change_k,29110096,use split-specific base input; alter scenario fields only; legal torus points and ordered times; no numerical execution now,same graph/layout/compiled code; match independent oracle,PLANNED,NOT_COMPUTED
n1_r097,HS_n1_b1,DEV,change_q,29110097,use split-specific base input; alter scenario fields only; legal torus points and ordered times; no numerical execution now,same graph/layout/compiled code; match independent oracle,PLANNED,NOT_COMPUTED
n1_r098,HS_n1_b1,DEV,change_tau,29110098,use split-specific base input; alter scenario fields only; legal torus points and ordered times; no numerical execution now,same graph/layout/compiled code; match independent oracle,PLANNED,NOT_COMPUTED
n1_r099,HS_n1_b1,DEV,change_t,29110099,use split-specific base input; alter scenario fields only; legal torus points and ordered times; no numerical execution now,same graph/layout/compiled code; match independent oracle,PLANNED,NOT_COMPUTED
n1_r100,HS_n1_b1,DEV,change_omega,29110100,use split-specific base input; alter scenario fields only; legal torus points and ordered times; no numerical execution now,same graph/layout/compiled code; match independent oracle,PLANNED,NOT_COMPUTED
n1_r101,HS_n1_b1,DEV,change_g,29110101,use split-specific base input; alter scenario fields only; legal torus points and ordered times; no numerical execution now,same graph/layout/compiled code; match independent oracle,PLANNED,NOT_COMPUTED
n1_r102,HS_n1_b1,DEV,g_zero,29110102,use split-specific base input; alter scenario fields only; legal torus points and ordered times; no numerical execution now,same graph/layout/compiled code; match independent oracle,PLANNED,NOT_COMPUTED
n1_r103,HS_n1_b1,DEV,joint_parameters,29110103,use split-specific base input; alter scenario fields only; legal torus points and ordered times; no numerical execution now,same graph/layout/compiled code; match independent oracle,PLANNED,NOT_COMPUTED
n1_r104,HS_n1_b1,DEV,joint_sample,29110104,use split-specific base input; alter scenario fields only; legal torus points and ordered times; no numerical execution now,same graph/layout/compiled code; match independent oracle,PLANNED,NOT_COMPUTED
n1_r105,HS_n1_b1,DEV,repeat_q_then_separate,29110105,use split-specific base input; alter scenario fields only; legal torus points and ordered times; no numerical execution now,same graph/layout/compiled code; match independent oracle,PLANNED,NOT_COMPUTED
n1_r106,HS_n1_b1,DEV,repeat_dtau_then_separate,29110106,use split-specific base input; alter scenario fields only; legal torus points and ordered times; no numerical execution now,same graph/layout/compiled code; match independent oracle,PLANNED,NOT_COMPUTED
n1_r107,HS_n1_b1,DEV,change_L_analytic,29110107,use split-specific base input; alter scenario fields only; legal torus points and ordered times; no numerical execution now,same graph/layout/compiled code; match independent oracle,PLANNED,NOT_COMPUTED
n1_r108,HS_n1_b1,DEV,small_nonzero_g,29110108,use split-specific base input; alter scenario fields only; legal torus points and ordered times; no numerical execution now,same graph/layout/compiled code; match independent oracle,PLANNED,NOT_COMPUTED
n1_r109,HS_n1_b1,DEV,longer_legal_intervals,29110109,use split-specific base input; alter scenario fields only; legal torus points and ordered times; no numerical execution now,same graph/layout/compiled code; match independent oracle,PLANNED,NOT_COMPUTED
n1_r110,HS_n1_b1,DEV,same_input_repeat,29110110,use split-specific base input; alter scenario fields only; legal torus points and ordered times; no numerical execution now,same graph/layout/compiled code; match independent oracle,PLANNED,NOT_COMPUTED
n1_r111,HS_n1_b1,DEV,interleaved_contexts,29110111,use split-specific base input; alter scenario fields only; legal torus points and ordered times; no numerical execution now,same graph/layout/compiled code; match independent oracle,PLANNED,NOT_COMPUTED
n1_r112,HS_n1_b1,DEV,change_k,29110112,use split-specific base input; alter scenario fields only; legal torus points and ordered times; no numerical execution now,same graph/layout/compiled code; match independent oracle,PLANNED,NOT_COMPUTED
n1_r113,HS_n1_b1,DEV,change_q,29110113,use split-specific base input; alter scenario fields only; legal torus points and ordered times; no numerical execution now,same graph/layout/compiled code; match independent oracle,PLANNED,NOT_COMPUTED
n1_r114,HS_n1_b1,DEV,change_tau,29110114,use split-specific base input; alter scenario fields only; legal torus points and ordered times; no numerical execution now,same graph/layout/compiled code; match independent oracle,PLANNED,NOT_COMPUTED
n1_r115,HS_n1_b1,DEV,change_t,29110115,use split-specific base input; alter scenario fields only; legal torus points and ordered times; no numerical execution now,same graph/layout/compiled code; match independent oracle,PLANNED,NOT_COMPUTED
n1_r116,HS_n1_b1,DEV,change_omega,29110116,use split-specific base input; alter scenario fields only; legal torus points and ordered times; no numerical execution now,same graph/layout/compiled code; match independent oracle,PLANNED,NOT_COMPUTED
n1_r117,HS_n1_b1,DEV,change_g,29110117,use split-specific base input; alter scenario fields only; legal torus points and ordered times; no numerical execution now,same graph/layout/compiled code; match independent oracle,PLANNED,NOT_COMPUTED
n1_r118,HS_n1_b1,DEV,g_zero,29110118,use split-specific base input; alter scenario fields only; legal torus points and ordered times; no numerical execution now,same graph/layout/compiled code; match independent oracle,PLANNED,NOT_COMPUTED
n1_r119,HS_n1_b1,DEV,joint_parameters,29110119,use split-specific base input; alter scenario fields only; legal torus points and ordered times; no numerical execution now,same graph/layout/compiled code; match independent oracle,PLANNED,NOT_COMPUTED
n1_r120,HS_n1_b1,DEV,joint_sample,29110120,use split-specific base input; alter scenario fields only; legal torus points and ordered times; no numerical execution now,same graph/layout/compiled code; match independent oracle,PLANNED,NOT_COMPUTED
n1_r121,HS_n1_b1,DEV,repeat_q_then_separate,29110121,use split-specific base input; alter scenario fields only; legal torus points and ordered times; no numerical execution now,same graph/layout/compiled code; match independent oracle,PLANNED,NOT_COMPUTED
n1_r122,HS_n1_b1,DEV,repeat_dtau_then_separate,29110122,use split-specific base input; alter scenario fields only; legal torus points and ordered times; no numerical execution now,same graph/layout/compiled code; match independent oracle,PLANNED,NOT_COMPUTED
n1_r123,HS_n1_b1,DEV,change_L_analytic,29110123,use split-specific base input; alter scenario fields only; legal torus points and ordered times; no numerical execution now,same graph/layout/compiled code; match independent oracle,PLANNED,NOT_COMPUTED
n1_r124,HS_n1_b1,DEV,small_nonzero_g,29110124,use split-specific base input; alter scenario fields only; legal torus points and ordered times; no numerical execution now,same graph/layout/compiled code; match independent oracle,PLANNED,NOT_COMPUTED
n1_r125,HS_n1_b1,DEV,longer_legal_intervals,29110125,use split-specific base input; alter scenario fields only; legal torus points and ordered times; no numerical execution now,same graph/layout/compiled code; match independent oracle,PLANNED,NOT_COMPUTED
n1_r126,HS_n1_b1,DEV,same_input_repeat,29110126,use split-specific base input; alter scenario fields only; legal torus points and ordered times; no numerical execution now,same graph/layout/compiled code; match independent oracle,PLANNED,NOT_COMPUTED
n1_r127,HS_n1_b1,DEV,interleaved_contexts,29110127,use split-specific base input; alter scenario fields only; legal torus points and ordered times; no numerical execution now,same graph/layout/compiled code; match independent oracle,PLANNED,NOT_COMPUTED
n1_r128,HS_n1_b1,RESERVED_CONFIRMATION,change_k,29110128,use split-specific base input; alter scenario fields only; legal torus points and ordered times; no numerical execution now,same graph/layout/compiled code; match independent oracle,PLANNED,NOT_COMPUTED
n1_r129,HS_n1_b1,RESERVED_CONFIRMATION,change_q,29110129,use split-specific base input; alter scenario fields only; legal torus points and ordered times; no numerical execution now,same graph/layout/compiled code; match independent oracle,PLANNED,NOT_COMPUTED
n1_r130,HS_n1_b1,RESERVED_CONFIRMATION,change_tau,29110130,use split-specific base input; alter scenario fields only; legal torus points and ordered times; no numerical execution now,same graph/layout/compiled code; match independent oracle,PLANNED,NOT_COMPUTED
n1_r131,HS_n1_b1,RESERVED_CONFIRMATION,change_t,29110131,use split-specific base input; alter scenario fields only; legal torus points and ordered times; no numerical execution now,same graph/layout/compiled code; match independent oracle,PLANNED,NOT_COMPUTED
n1_r132,HS_n1_b1,RESERVED_CONFIRMATION,change_omega,29110132,use split-specific base input; alter scenario fields only; legal torus points and ordered times; no numerical execution now,same graph/layout/compiled code; match independent oracle,PLANNED,NOT_COMPUTED
n1_r133,HS_n1_b1,RESERVED_CONFIRMATION,change_g,29110133,use split-specific base input; alter scenario fields only; legal torus points and ordered times; no numerical execution now,same graph/layout/compiled code; match independent oracle,PLANNED,NOT_COMPUTED
n1_r134,HS_n1_b1,RESERVED_CONFIRMATION,g_zero,29110134,use split-specific base input; alter scenario fields only; legal torus points and ordered times; no numerical execution now,same graph/layout/compiled code; match independent oracle,PLANNED,NOT_COMPUTED
n1_r135,HS_n1_b1,RESERVED_CONFIRMATION,joint_parameters,29110135,use split-specific base input; alter scenario fields only; legal torus points and ordered times; no numerical execution now,same graph/layout/compiled code; match independent oracle,PLANNED,NOT_COMPUTED
n1_r136,HS_n1_b1,RESERVED_CONFIRMATION,joint_sample,29110136,use split-specific base input; alter scenario fields only; legal torus points and ordered times; no numerical execution now,same graph/layout/compiled code; match independent oracle,PLANNED,NOT_COMPUTED
n1_r137,HS_n1_b1,RESERVED_CONFIRMATION,repeat_q_then_separate,29110137,use split-specific base input; alter scenario fields only; legal torus points and ordered times; no numerical execution now,same graph/layout/compiled code; match independent oracle,PLANNED,NOT_COMPUTED
n1_r138,HS_n1_b1,RESERVED_CONFIRMATION,repeat_dtau_then_separate,29110138,use split-specific base input; alter scenario fields only; legal torus points and ordered times; no numerical execution now,same graph/layout/compiled code; match independent oracle,PLANNED,NOT_COMPUTED
n1_r139,HS_n1_b1,RESERVED_CONFIRMATION,change_L_analytic,29110139,use split-specific base input; alter scenario fields only; legal torus points and ordered times; no numerical execution now,same graph/layout/compiled code; match independent oracle,PLANNED,NOT_COMPUTED
n1_r140,HS_n1_b1,RESERVED_CONFIRMATION,small_nonzero_g,29110140,use split-specific base input; alter scenario fields only; legal torus points and ordered times; no numerical execution now,same graph/layout/compiled code; match independent oracle,PLANNED,NOT_COMPUTED
n1_r141,HS_n1_b1,RESERVED_CONFIRMATION,longer_legal_intervals,29110141,use split-specific base input; alter scenario fields only; legal torus points and ordered times; no numerical execution now,same graph/layout/compiled code; match independent oracle,PLANNED,NOT_COMPUTED
n1_r142,HS_n1_b1,RESERVED_CONFIRMATION,same_input_repeat,29110142,use split-specific base input; alter scenario fields only; legal torus points and ordered times; no numerical execution now,same graph/layout/compiled code; match independent oracle,PLANNED,NOT_COMPUTED
n1_r143,HS_n1_b1,RESERVED_CONFIRMATION,interleaved_contexts,29110143,use split-specific base input; alter scenario fields only; legal torus points and ordered times; no numerical execution now,same graph/layout/compiled code; match independent oracle,PLANNED,NOT_COMPUTED
n1_r144,HS_n1_b1,RESERVED_CONFIRMATION,change_k,29110144,use split-specific base input; alter scenario fields only; legal torus points and ordered times; no numerical execution now,same graph/layout/compiled code; match independent oracle,PLANNED,NOT_COMPUTED
n1_r145,HS_n1_b1,RESERVED_CONFIRMATION,change_q,29110145,use split-specific base input; alter scenario fields only; legal torus points and ordered times; no numerical execution now,same graph/layout/compiled code; match independent oracle,PLANNED,NOT_COMPUTED
n1_r146,HS_n1_b1,RESERVED_CONFIRMATION,change_tau,29110146,use split-specific base input; alter scenario fields only; legal torus points and ordered times; no numerical execution now,same graph/layout/compiled code; match independent oracle,PLANNED,NOT_COMPUTED
n1_r147,HS_n1_b1,RESERVED_CONFIRMATION,change_t,29110147,use split-specific base input; alter scenario fields only; legal torus points and ordered times; no numerical execution now,same graph/layout/compiled code; match independent oracle,PLANNED,NOT_COMPUTED
n1_r148,HS_n1_b1,RESERVED_CONFIRMATION,change_omega,29110148,use split-specific base input; alter scenario fields only; legal torus points and ordered times; no numerical execution now,same graph/layout/compiled code; match independent oracle,PLANNED,NOT_COMPUTED
n1_r149,HS_n1_b1,RESERVED_CONFIRMATION,change_g,29110149,use split-specific base input; alter scenario fields only; legal torus points and ordered times; no numerical execution now,same graph/layout/compiled code; match independent oracle,PLANNED,NOT_COMPUTED
n1_r150,HS_n1_b1,RESERVED_CONFIRMATION,g_zero,29110150,use split-specific base input; alter scenario fields only; legal torus points and ordered times; no numerical execution now,same graph/layout/compiled code; match independent oracle,PLANNED,NOT_COMPUTED
n1_r151,HS_n1_b1,RESERVED_CONFIRMATION,joint_parameters,29110151,use split-specific base input; alter scenario fields only; legal torus points and ordered times; no numerical execution now,same graph/layout/compiled code; match independent oracle,PLANNED,NOT_COMPUTED
n1_r152,HS_n1_b1,RESERVED_CONFIRMATION,joint_sample,29110152,use split-specific base input; alter scenario fields only; legal torus points and ordered times; no numerical execution now,same graph/layout/compiled code; match independent oracle,PLANNED,NOT_COMPUTED
n1_r153,HS_n1_b1,RESERVED_CONFIRMATION,repeat_q_then_separate,29110153,use split-specific base input; alter scenario fields only; legal torus points and ordered times; no numerical execution now,same graph/layout/compiled code; match independent oracle,PLANNED,NOT_COMPUTED
n1_r154,HS_n1_b1,RESERVED_CONFIRMATION,repeat_dtau_then_separate,29110154,use split-specific base input; alter scenario fields only; legal torus points and ordered times; no numerical execution now,same graph/layout/compiled code; match independent oracle,PLANNED,NOT_COMPUTED
n1_r155,HS_n1_b1,RESERVED_CONFIRMATION,change_L_analytic,29110155,use split-specific base input; alter scenario fields only; legal torus points and ordered times; no numerical execution now,same graph/layout/compiled code; match independent oracle,PLANNED,NOT_COMPUTED
n1_r156,HS_n1_b1,RESERVED_CONFIRMATION,small_nonzero_g,29110156,use split-specific base input; alter scenario fields only; legal torus points and ordered times; no numerical execution now,same graph/layout/compiled code; match independent oracle,PLANNED,NOT_COMPUTED
n1_r157,HS_n1_b1,RESERVED_CONFIRMATION,longer_legal_intervals,29110157,use split-specific base input; alter scenario fields only; legal torus points and ordered times; no numerical execution now,same graph/layout/compiled code; match independent oracle,PLANNED,NOT_COMPUTED
n1_r158,HS_n1_b1,RESERVED_CONFIRMATION,same_input_repeat,29110158,use split-specific base input; alter scenario fields only; legal torus points and ordered times; no numerical execution now,same graph/layout/compiled code; match independent oracle,PLANNED,NOT_COMPUTED
n1_r159,HS_n1_b1,RESERVED_CONFIRMATION,interleaved_contexts,29110159,use split-specific base input; alter scenario fields only; legal torus points and ordered times; no numerical execution now,same graph/layout/compiled code; match independent oracle,PLANNED,NOT_COMPUTED
n1_r160,HS_n1_b1,RESERVED_CONFIRMATION,change_k,29110160,use split-specific base input; alter scenario fields only; legal torus points and ordered times; no numerical execution now,same graph/layout/compiled code; match independent oracle,PLANNED,NOT_COMPUTED
n1_r161,HS_n1_b1,RESERVED_CONFIRMATION,change_q,29110161,use split-specific base input; alter scenario fields only; legal torus points and ordered times; no numerical execution now,same graph/layout/compiled code; match independent oracle,PLANNED,NOT_COMPUTED
n1_r162,HS_n1_b1,RESERVED_CONFIRMATION,change_tau,29110162,use split-specific base input; alter scenario fields only; legal torus points and ordered times; no numerical execution now,same graph/layout/compiled code; match independent oracle,PLANNED,NOT_COMPUTED
n1_r163,HS_n1_b1,RESERVED_CONFIRMATION,change_t,29110163,use split-specific base input; alter scenario fields only; legal torus points and ordered times; no numerical execution now,same graph/layout/compiled code; match independent oracle,PLANNED,NOT_COMPUTED
n1_r164,HS_n1_b1,RESERVED_CONFIRMATION,change_omega,29110164,use split-specific base input; alter scenario fields only; legal torus points and ordered times; no numerical execution now,same graph/layout/compiled code; match independent oracle,PLANNED,NOT_COMPUTED
n1_r165,HS_n1_b1,RESERVED_CONFIRMATION,change_g,29110165,use split-specific base input; alter scenario fields only; legal torus points and ordered times; no numerical execution now,same graph/layout/compiled code; match independent oracle,PLANNED,NOT_COMPUTED
n1_r166,HS_n1_b1,RESERVED_CONFIRMATION,g_zero,29110166,use split-specific base input; alter scenario fields only; legal torus points and ordered times; no numerical execution now,same graph/layout/compiled code; match independent oracle,PLANNED,NOT_COMPUTED
n1_r167,HS_n1_b1,RESERVED_CONFIRMATION,joint_parameters,29110167,use split-specific base input; alter scenario fields only; legal torus points and ordered times; no numerical execution now,same graph/layout/compiled code; match independent oracle,PLANNED,NOT_COMPUTED
n1_r168,HS_n1_b1,RESERVED_CONFIRMATION,joint_sample,29110168,use split-specific base input; alter scenario fields only; legal torus points and ordered times; no numerical execution now,same graph/layout/compiled code; match independent oracle,PLANNED,NOT_COMPUTED
n1_r169,HS_n1_b1,RESERVED_CONFIRMATION,repeat_q_then_separate,29110169,use split-specific base input; alter scenario fields only; legal torus points and ordered times; no numerical execution now,same graph/layout/compiled code; match independent oracle,PLANNED,NOT_COMPUTED
n1_r170,HS_n1_b1,RESERVED_CONFIRMATION,repeat_dtau_then_separate,29110170,use split-specific base input; alter scenario fields only; legal torus points and ordered times; no numerical execution now,same graph/layout/compiled code; match independent oracle,PLANNED,NOT_COMPUTED
n1_r171,HS_n1_b1,RESERVED_CONFIRMATION,change_L_analytic,29110171,use split-specific base input; alter scenario fields only; legal torus points and ordered times; no numerical execution now,same graph/layout/compiled code; match independent oracle,PLANNED,NOT_COMPUTED
n1_r172,HS_n1_b1,RESERVED_CONFIRMATION,small_nonzero_g,29110172,use split-specific base input; alter scenario fields only; legal torus points and ordered times; no numerical execution now,same graph/layout/compiled code; match independent oracle,PLANNED,NOT_COMPUTED
n1_r173,HS_n1_b1,RESERVED_CONFIRMATION,longer_legal_intervals,29110173,use split-specific base input; alter scenario fields only; legal torus points and ordered times; no numerical execution now,same graph/layout/compiled code; match independent oracle,PLANNED,NOT_COMPUTED
n1_r174,HS_n1_b1,RESERVED_CONFIRMATION,same_input_repeat,29110174,use split-specific base input; alter scenario fields only; legal torus points and ordered times; no numerical execution now,same graph/layout/compiled code; match independent oracle,PLANNED,NOT_COMPUTED
n1_r175,HS_n1_b1,RESERVED_CONFIRMATION,interleaved_contexts,29110175,use split-specific base input; alter scenario fields only; legal torus points and ordered times; no numerical execution now,same graph/layout/compiled code; match independent oracle,PLANNED,NOT_COMPUTED
n1_r176,HS_n1_b1,RESERVED_CONFIRMATION,change_k,29110176,use split-specific base input; alter scenario fields only; legal torus points and ordered times; no numerical execution now,same graph/layout/compiled code; match independent oracle,PLANNED,NOT_COMPUTED
n1_r177,HS_n1_b1,RESERVED_CONFIRMATION,change_q,29110177,use split-specific base input; alter scenario fields only; legal torus points and ordered times; no numerical execution now,same graph/layout/compiled code; match independent oracle,PLANNED,NOT_COMPUTED
n1_r178,HS_n1_b1,RESERVED_CONFIRMATION,change_tau,29110178,use split-specific base input; alter scenario fields only; legal torus points and ordered times; no numerical execution now,same graph/layout/compiled code; match independent oracle,PLANNED,NOT_COMPUTED
n1_r179,HS_n1_b1,RESERVED_CONFIRMATION,change_t,29110179,use split-specific base input; alter scenario fields only; legal torus points and ordered times; no numerical execution now,same graph/layout/compiled code; match independent oracle,PLANNED,NOT_COMPUTED
n1_r180,HS_n1_b1,RESERVED_CONFIRMATION,change_omega,29110180,use split-specific base input; alter scenario fields only; legal torus points and ordered times; no numerical execution now,same graph/layout/compiled code; match independent oracle,PLANNED,NOT_COMPUTED
n1_r181,HS_n1_b1,RESERVED_CONFIRMATION,change_g,29110181,use split-specific base input; alter scenario fields only; legal torus points and ordered times; no numerical execution now,same graph/layout/compiled code; match independent oracle,PLANNED,NOT_COMPUTED
n1_r182,HS_n1_b1,RESERVED_CONFIRMATION,g_zero,29110182,use split-specific base input; alter scenario fields only; legal torus points and ordered times; no numerical execution now,same graph/layout/compiled code; match independent oracle,PLANNED,NOT_COMPUTED
n1_r183,HS_n1_b1,RESERVED_CONFIRMATION,joint_parameters,29110183,use split-specific base input; alter scenario fields only; legal torus points and ordered times; no numerical execution now,same graph/layout/compiled code; match independent oracle,PLANNED,NOT_COMPUTED
n1_r184,HS_n1_b1,RESERVED_CONFIRMATION,joint_sample,29110184,use split-specific base input; alter scenario fields only; legal torus points and ordered times; no numerical execution now,same graph/layout/compiled code; match independent oracle,PLANNED,NOT_COMPUTED
n1_r185,HS_n1_b1,RESERVED_CONFIRMATION,repeat_q_then_separate,29110185,use split-specific base input; alter scenario fields only; legal torus points and ordered times; no numerical execution now,same graph/layout/compiled code; match independent oracle,PLANNED,NOT_COMPUTED
n1_r186,HS_n1_b1,RESERVED_CONFIRMATION,repeat_dtau_then_separate,29110186,use split-specific base input; alter scenario fields only; legal torus points and ordered times; no numerical execution now,same graph/layout/compiled code; match independent oracle,PLANNED,NOT_COMPUTED
n1_r187,HS_n1_b1,RESERVED_CONFIRMATION,change_L_analytic,29110187,use split-specific base input; alter scenario fields only; legal torus points and ordered times; no numerical execution now,same graph/layout/compiled code; match independent oracle,PLANNED,NOT_COMPUTED
n1_r188,HS_n1_b1,RESERVED_CONFIRMATION,small_nonzero_g,29110188,use split-specific base input; alter scenario fields only; legal torus points and ordered times; no numerical execution now,same graph/layout/compiled code; match independent oracle,PLANNED,NOT_COMPUTED
n1_r189,HS_n1_b1,RESERVED_CONFIRMATION,longer_legal_intervals,29110189,use split-specific base input; alter scenario fields only; legal torus points and ordered times; no numerical execution now,same graph/layout/compiled code; match independent oracle,PLANNED,NOT_COMPUTED
n1_r190,HS_n1_b1,RESERVED_CONFIRMATION,same_input_repeat,29110190,use split-specific base input; alter scenario fields only; legal torus points and ordered times; no numerical execution now,same graph/layout/compiled code; match independent oracle,PLANNED,NOT_COMPUTED
n1_r191,HS_n1_b1,RESERVED_CONFIRMATION,interleaved_contexts,29110191,use split-specific base input; alter scenario fields only; legal torus points and ordered times; no numerical execution now,same graph/layout/compiled code; match independent oracle,PLANNED,NOT_COMPUTED
n1_r192,HS_n1_b1,RESERVED_CONFIRMATION,change_k,29110192,use split-specific base input; alter scenario fields only; legal torus points and ordered times; no numerical execution now,same graph/layout/compiled code; match independent oracle,PLANNED,NOT_COMPUTED
n1_r193,HS_n1_b1,RESERVED_CONFIRMATION,change_q,29110193,use split-specific base input; alter scenario fields only; legal torus points and ordered times; no numerical execution now,same graph/layout/compiled code; match independent oracle,PLANNED,NOT_COMPUTED
n1_r194,HS_n1_b1,RESERVED_CONFIRMATION,change_tau,29110194,use split-specific base input; alter scenario fields only; legal torus points and ordered times; no numerical execution now,same graph/layout/compiled code; match independent oracle,PLANNED,NOT_COMPUTED
n1_r195,HS_n1_b1,RESERVED_CONFIRMATION,change_t,29110195,use split-specific base input; alter scenario fields only; legal torus points and ordered times; no numerical execution now,same graph/layout/compiled code; match independent oracle,PLANNED,NOT_COMPUTED
n1_r196,HS_n1_b1,RESERVED_CONFIRMATION,change_omega,29110196,use split-specific base input; alter scenario fields only; legal torus points and ordered times; no numerical execution now,same graph/layout/compiled code; match independent oracle,PLANNED,NOT_COMPUTED
n1_r197,HS_n1_b1,RESERVED_CONFIRMATION,change_g,29110197,use split-specific base input; alter scenario fields only; legal torus points and ordered times; no numerical execution now,same graph/layout/compiled code; match independent oracle,PLANNED,NOT_COMPUTED
n1_r198,HS_n1_b1,RESERVED_CONFIRMATION,g_zero,29110198,use split-specific base input; alter scenario fields only; legal torus points and ordered times; no numerical execution now,same graph/layout/compiled code; match independent oracle,PLANNED,NOT_COMPUTED
n1_r199,HS_n1_b1,RESERVED_CONFIRMATION,joint_parameters,29110199,use split-specific base input; alter scenario fields only; legal torus points and ordered times; no numerical execution now,same graph/layout/compiled code; match independent oracle,PLANNED,NOT_COMPUTED
n1_r200,HS_n1_b1,RESERVED_CONFIRMATION,joint_sample,29110200,use split-specific base input; alter scenario fields only; legal torus points and ordered times; no numerical execution now,same graph/layout/compiled code; match independent oracle,PLANNED,NOT_COMPUTED
n1_r201,HS_n1_b1,RESERVED_CONFIRMATION,repeat_q_then_separate,29110201,use split-specific base input; alter scenario fields only; legal torus points and ordered times; no numerical execution now,same graph/layout/compiled code; match independent oracle,PLANNED,NOT_COMPUTED
n1_r202,HS_n1_b1,RESERVED_CONFIRMATION,repeat_dtau_then_separate,29110202,use split-specific base input; alter scenario fields only; legal torus points and ordered times; no numerical execution now,same graph/layout/compiled code; match independent oracle,PLANNED,NOT_COMPUTED
n1_r203,HS_n1_b1,RESERVED_CONFIRMATION,change_L_analytic,29110203,use split-specific base input; alter scenario fields only; legal torus points and ordered times; no numerical execution now,same graph/layout/compiled code; match independent oracle,PLANNED,NOT_COMPUTED
n1_r204,HS_n1_b1,RESERVED_CONFIRMATION,small_nonzero_g,29110204,use split-specific base input; alter scenario fields only; legal torus points and ordered times; no numerical execution now,same graph/layout/compiled code; match independent oracle,PLANNED,NOT_COMPUTED
n1_r205,HS_n1_b1,RESERVED_CONFIRMATION,longer_legal_intervals,29110205,use split-specific base input; alter scenario fields only; legal torus points and ordered times; no numerical execution now,same graph/layout/compiled code; match independent oracle,PLANNED,NOT_COMPUTED
n1_r206,HS_n1_b1,RESERVED_CONFIRMATION,same_input_repeat,29110206,use split-specific base input; alter scenario fields only; legal torus points and ordered times; no numerical execution now,same graph/layout/compiled code; match independent oracle,PLANNED,NOT_COMPUTED
n1_r207,HS_n1_b1,RESERVED_CONFIRMATION,interleaved_contexts,29110207,use split-specific base input; alter scenario fields only; legal torus points and ordered times; no numerical execution now,same graph/layout/compiled code; match independent oracle,PLANNED,NOT_COMPUTED
n1_r208,HS_n1_b1,RESERVED_CONFIRMATION,change_k,29110208,use split-specific base input; alter scenario fields only; legal torus points and ordered times; no numerical execution now,same graph/layout/compiled code; match independent oracle,PLANNED,NOT_COMPUTED
n1_r209,HS_n1_b1,RESERVED_CONFIRMATION,change_q,29110209,use split-specific base input; alter scenario fields only; legal torus points and ordered times; no numerical execution now,same graph/layout/compiled code; match independent oracle,PLANNED,NOT_COMPUTED
n1_r210,HS_n1_b1,RESERVED_CONFIRMATION,change_tau,29110210,use split-specific base input; alter scenario fields only; legal torus points and ordered times; no numerical execution now,same graph/layout/compiled code; match independent oracle,PLANNED,NOT_COMPUTED
n1_r211,HS_n1_b1,RESERVED_CONFIRMATION,change_t,29110211,use split-specific base input; alter scenario fields only; legal torus points and ordered times; no numerical execution now,same graph/layout/compiled code; match independent oracle,PLANNED,NOT_COMPUTED
n1_r212,HS_n1_b1,RESERVED_CONFIRMATION,change_omega,29110212,use split-specific base input; alter scenario fields only; legal torus points and ordered times; no numerical execution now,same graph/layout/compiled code; match independent oracle,PLANNED,NOT_COMPUTED
n1_r213,HS_n1_b1,RESERVED_CONFIRMATION,change_g,29110213,use split-specific base input; alter scenario fields only; legal torus points and ordered times; no numerical execution now,same graph/layout/compiled code; match independent oracle,PLANNED,NOT_COMPUTED
n1_r214,HS_n1_b1,RESERVED_CONFIRMATION,g_zero,29110214,use split-specific base input; alter scenario fields only; legal torus points and ordered times; no numerical execution now,same graph/layout/compiled code; match independent oracle,PLANNED,NOT_COMPUTED
n1_r215,HS_n1_b1,RESERVED_CONFIRMATION,joint_parameters,29110215,use split-specific base input; alter scenario fields only; legal torus points and ordered times; no numerical execution now,same graph/layout/compiled code; match independent oracle,PLANNED,NOT_COMPUTED
n1_r216,HS_n1_b1,RESERVED_CONFIRMATION,joint_sample,29110216,use split-specific base input; alter scenario fields only; legal torus points and ordered times; no numerical execution now,same graph/layout/compiled code; match independent oracle,PLANNED,NOT_COMPUTED
n1_r217,HS_n1_b1,RESERVED_CONFIRMATION,repeat_q_then_separate,29110217,use split-specific base input; alter scenario fields only; legal torus points and ordered times; no numerical execution now,same graph/layout/compiled code; match independent oracle,PLANNED,NOT_COMPUTED
n1_r218,HS_n1_b1,RESERVED_CONFIRMATION,repeat_dtau_then_separate,29110218,use split-specific base input; alter scenario fields only; legal torus points and ordered times; no numerical execution now,same graph/layout/compiled code; match independent oracle,PLANNED,NOT_COMPUTED
n1_r219,HS_n1_b1,RESERVED_CONFIRMATION,change_L_analytic,29110219,use split-specific base input; alter scenario fields only; legal torus points and ordered times; no numerical execution now,same graph/layout/compiled code; match independent oracle,PLANNED,NOT_COMPUTED
n1_r220,HS_n1_b1,RESERVED_CONFIRMATION,small_nonzero_g,29110220,use split-specific base input; alter scenario fields only; legal torus points and ordered times; no numerical execution now,same graph/layout/compiled code; match independent oracle,PLANNED,NOT_COMPUTED
n1_r221,HS_n1_b1,RESERVED_CONFIRMATION,longer_legal_intervals,29110221,use split-specific base input; alter scenario fields only; legal torus points and ordered times; no numerical execution now,same graph/layout/compiled code; match independent oracle,PLANNED,NOT_COMPUTED
n1_r222,HS_n1_b1,RESERVED_CONFIRMATION,same_input_repeat,29110222,use split-specific base input; alter scenario fields only; legal torus points and ordered times; no numerical execution now,same graph/layout/compiled code; match independent oracle,PLANNED,NOT_COMPUTED
n1_r223,HS_n1_b1,RESERVED_CONFIRMATION,interleaved_contexts,29110223,use split-specific base input; alter scenario fields only; legal torus points and ordered times; no numerical execution now,same graph/layout/compiled code; match independent oracle,PLANNED,NOT_COMPUTED
n1_r224,HS_n1_b1,RESERVED_CONFIRMATION,change_k,29110224,use split-specific base input; alter scenario fields only; legal torus points and ordered times; no numerical execution now,same graph/layout/compiled code; match independent oracle,PLANNED,NOT_COMPUTED
n1_r225,HS_n1_b1,RESERVED_CONFIRMATION,change_q,29110225,use split-specific base input; alter scenario fields only; legal torus points and ordered times; no numerical execution now,same graph/layout/compiled code; match independent oracle,PLANNED,NOT_COMPUTED
n1_r226,HS_n1_b1,RESERVED_CONFIRMATION,change_tau,29110226,use split-specific base input; alter scenario fields only; legal torus points and ordered times; no numerical execution now,same graph/layout/compiled code; match independent oracle,PLANNED,NOT_COMPUTED
n1_r227,HS_n1_b1,RESERVED_CONFIRMATION,change_t,29110227,use split-specific base input; alter scenario fields only; legal torus points and ordered times; no numerical execution now,same graph/layout/compiled code; match independent oracle,PLANNED,NOT_COMPUTED
n1_r228,HS_n1_b1,RESERVED_CONFIRMATION,change_omega,29110228,use split-specific base input; alter scenario fields only; legal torus points and ordered times; no numerical execution now,same graph/layout/compiled code; match independent oracle,PLANNED,NOT_COMPUTED
n1_r229,HS_n1_b1,RESERVED_CONFIRMATION,change_g,29110229,use split-specific base input; alter scenario fields only; legal torus points and ordered times; no numerical execution now,same graph/layout/compiled code; match independent oracle,PLANNED,NOT_COMPUTED
n1_r230,HS_n1_b1,RESERVED_CONFIRMATION,g_zero,29110230,use split-specific base input; alter scenario fields only; legal torus points and ordered times; no numerical execution now,same graph/layout/compiled code; match independent oracle,PLANNED,NOT_COMPUTED
n1_r231,HS_n1_b1,RESERVED_CONFIRMATION,joint_parameters,29110231,use split-specific base input; alter scenario fields only; legal torus points and ordered times; no numerical execution now,same graph/layout/compiled code; match independent oracle,PLANNED,NOT_COMPUTED
n1_r232,HS_n1_b1,RESERVED_CONFIRMATION,joint_sample,29110232,use split-specific base input; alter scenario fields only; legal torus points and ordered times; no numerical execution now,same graph/layout/compiled code; match independent oracle,PLANNED,NOT_COMPUTED
n1_r233,HS_n1_b1,RESERVED_CONFIRMATION,repeat_q_then_separate,29110233,use split-specific base input; alter scenario fields only; legal torus points and ordered times; no numerical execution now,same graph/layout/compiled code; match independent oracle,PLANNED,NOT_COMPUTED
n1_r234,HS_n1_b1,RESERVED_CONFIRMATION,repeat_dtau_then_separate,29110234,use split-specific base input; alter scenario fields only; legal torus points and ordered times; no numerical execution now,same graph/layout/compiled code; match independent oracle,PLANNED,NOT_COMPUTED
n1_r235,HS_n1_b1,RESERVED_CONFIRMATION,change_L_analytic,29110235,use split-specific base input; alter scenario fields only; legal torus points and ordered times; no numerical execution now,same graph/layout/compiled code; match independent oracle,PLANNED,NOT_COMPUTED
n1_r236,HS_n1_b1,RESERVED_CONFIRMATION,small_nonzero_g,29110236,use split-specific base input; alter scenario fields only; legal torus points and ordered times; no numerical execution now,same graph/layout/compiled code; match independent oracle,PLANNED,NOT_COMPUTED
n1_r237,HS_n1_b1,RESERVED_CONFIRMATION,longer_legal_intervals,29110237,use split-specific base input; alter scenario fields only; legal torus points and ordered times; no numerical execution now,same graph/layout/compiled code; match independent oracle,PLANNED,NOT_COMPUTED
n1_r238,HS_n1_b1,RESERVED_CONFIRMATION,same_input_repeat,29110238,use split-specific base input; alter scenario fields only; legal torus points and ordered times; no numerical execution now,same graph/layout/compiled code; match independent oracle,PLANNED,NOT_COMPUTED
n1_r239,HS_n1_b1,RESERVED_CONFIRMATION,interleaved_contexts,29110239,use split-specific base input; alter scenario fields only; legal torus points and ordered times; no numerical execution now,same graph/layout/compiled code; match independent oracle,PLANNED,NOT_COMPUTED
n1_r240,HS_n1_b1,RESERVED_CONFIRMATION,change_k,29110240,use split-specific base input; alter scenario fields only; legal torus points and ordered times; no numerical execution now,same graph/layout/compiled code; match independent oracle,PLANNED,NOT_COMPUTED
n1_r241,HS_n1_b1,RESERVED_CONFIRMATION,change_q,29110241,use split-specific base input; alter scenario fields only; legal torus points and ordered times; no numerical execution now,same graph/layout/compiled code; match independent oracle,PLANNED,NOT_COMPUTED
n1_r242,HS_n1_b1,RESERVED_CONFIRMATION,change_tau,29110242,use split-specific base input; alter scenario fields only; legal torus points and ordered times; no numerical execution now,same graph/layout/compiled code; match independent oracle,PLANNED,NOT_COMPUTED
n1_r243,HS_n1_b1,RESERVED_CONFIRMATION,change_t,29110243,use split-specific base input; alter scenario fields only; legal torus points and ordered times; no numerical execution now,same graph/layout/compiled code; match independent oracle,PLANNED,NOT_COMPUTED
n1_r244,HS_n1_b1,RESERVED_CONFIRMATION,change_omega,29110244,use split-specific base input; alter scenario fields only; legal torus points and ordered times; no numerical execution now,same graph/layout/compiled code; match independent oracle,PLANNED,NOT_COMPUTED
n1_r245,HS_n1_b1,RESERVED_CONFIRMATION,change_g,29110245,use split-specific base input; alter scenario fields only; legal torus points and ordered times; no numerical execution now,same graph/layout/compiled code; match independent oracle,PLANNED,NOT_COMPUTED
n1_r246,HS_n1_b1,RESERVED_CONFIRMATION,g_zero,29110246,use split-specific base input; alter scenario fields only; legal torus points and ordered times; no numerical execution now,same graph/layout/compiled code; match independent oracle,PLANNED,NOT_COMPUTED
n1_r247,HS_n1_b1,RESERVED_CONFIRMATION,joint_parameters,29110247,use split-specific base input; alter scenario fields only; legal torus points and ordered times; no numerical execution now,same graph/layout/compiled code; match independent oracle,PLANNED,NOT_COMPUTED
n1_r248,HS_n1_b1,RESERVED_CONFIRMATION,joint_sample,29110248,use split-specific base input; alter scenario fields only; legal torus points and ordered times; no numerical execution now,same graph/layout/compiled code; match independent oracle,PLANNED,NOT_COMPUTED
n1_r249,HS_n1_b1,RESERVED_CONFIRMATION,repeat_q_then_separate,29110249,use split-specific base input; alter scenario fields only; legal torus points and ordered times; no numerical execution now,same graph/layout/compiled code; match independent oracle,PLANNED,NOT_COMPUTED
n1_r250,HS_n1_b1,RESERVED_CONFIRMATION,repeat_dtau_then_separate,29110250,use split-specific base input; alter scenario fields only; legal torus points and ordered times; no numerical execution now,same graph/layout/compiled code; match independent oracle,PLANNED,NOT_COMPUTED
n1_r251,HS_n1_b1,RESERVED_CONFIRMATION,change_L_analytic,29110251,use split-specific base input; alter scenario fields only; legal torus points and ordered times; no numerical execution now,same graph/layout/compiled code; match independent oracle,PLANNED,NOT_COMPUTED
n1_r252,HS_n1_b1,RESERVED_CONFIRMATION,small_nonzero_g,29110252,use split-specific base input; alter scenario fields only; legal torus points and ordered times; no numerical execution now,same graph/layout/compiled code; match independent oracle,PLANNED,NOT_COMPUTED
n1_r253,HS_n1_b1,RESERVED_CONFIRMATION,longer_legal_intervals,29110253,use split-specific base input; alter scenario fields only; legal torus points and ordered times; no numerical execution now,same graph/layout/compiled code; match independent oracle,PLANNED,NOT_COMPUTED
n1_r254,HS_n1_b1,RESERVED_CONFIRMATION,same_input_repeat,29110254,use split-specific base input; alter scenario fields only; legal torus points and ordered times; no numerical execution now,same graph/layout/compiled code; match independent oracle,PLANNED,NOT_COMPUTED
n1_r255,HS_n1_b1,RESERVED_CONFIRMATION,interleaved_contexts,29110255,use split-specific base input; alter scenario fields only; legal torus points and ordered times; no numerical execution now,same graph/layout/compiled code; match independent oracle,PLANNED,NOT_COMPUTED
n2_r000,HS_n2_b1,DEV,change_k,29120000,use split-specific base input; alter scenario fields only; legal torus points and ordered times; no numerical execution now,same graph/layout/compiled code; match independent oracle,PLANNED,NOT_COMPUTED
n2_r001,HS_n2_b1,DEV,change_q,29120001,use split-specific base input; alter scenario fields only; legal torus points and ordered times; no numerical execution now,same graph/layout/compiled code; match independent oracle,PLANNED,NOT_COMPUTED
n2_r002,HS_n2_b1,DEV,change_tau,29120002,use split-specific base input; alter scenario fields only; legal torus points and ordered times; no numerical execution now,same graph/layout/compiled code; match independent oracle,PLANNED,NOT_COMPUTED
n2_r003,HS_n2_b1,DEV,change_t,29120003,use split-specific base input; alter scenario fields only; legal torus points and ordered times; no numerical execution now,same graph/layout/compiled code; match independent oracle,PLANNED,NOT_COMPUTED
n2_r004,HS_n2_b1,DEV,change_omega,29120004,use split-specific base input; alter scenario fields only; legal torus points and ordered times; no numerical execution now,same graph/layout/compiled code; match independent oracle,PLANNED,NOT_COMPUTED
n2_r005,HS_n2_b1,DEV,change_g,29120005,use split-specific base input; alter scenario fields only; legal torus points and ordered times; no numerical execution now,same graph/layout/compiled code; match independent oracle,PLANNED,NOT_COMPUTED
n2_r006,HS_n2_b1,DEV,g_zero,29120006,use split-specific base input; alter scenario fields only; legal torus points and ordered times; no numerical execution now,same graph/layout/compiled code; match independent oracle,PLANNED,NOT_COMPUTED
n2_r007,HS_n2_b1,DEV,joint_parameters,29120007,use split-specific base input; alter scenario fields only; legal torus points and ordered times; no numerical execution now,same graph/layout/compiled code; match independent oracle,PLANNED,NOT_COMPUTED
n2_r008,HS_n2_b1,DEV,joint_sample,29120008,use split-specific base input; alter scenario fields only; legal torus points and ordered times; no numerical execution now,same graph/layout/compiled code; match independent oracle,PLANNED,NOT_COMPUTED
n2_r009,HS_n2_b1,DEV,repeat_q_then_separate,29120009,use split-specific base input; alter scenario fields only; legal torus points and ordered times; no numerical execution now,same graph/layout/compiled code; match independent oracle,PLANNED,NOT_COMPUTED
n2_r010,HS_n2_b1,DEV,repeat_dtau_then_separate,29120010,use split-specific base input; alter scenario fields only; legal torus points and ordered times; no numerical execution now,same graph/layout/compiled code; match independent oracle,PLANNED,NOT_COMPUTED
n2_r011,HS_n2_b1,DEV,change_L_analytic,29120011,use split-specific base input; alter scenario fields only; legal torus points and ordered times; no numerical execution now,same graph/layout/compiled code; match independent oracle,PLANNED,NOT_COMPUTED
n2_r012,HS_n2_b1,DEV,small_nonzero_g,29120012,use split-specific base input; alter scenario fields only; legal torus points and ordered times; no numerical execution now,same graph/layout/compiled code; match independent oracle,PLANNED,NOT_COMPUTED
n2_r013,HS_n2_b1,DEV,longer_legal_intervals,29120013,use split-specific base input; alter scenario fields only; legal torus points and ordered times; no numerical execution now,same graph/layout/compiled code; match independent oracle,PLANNED,NOT_COMPUTED
n2_r014,HS_n2_b1,DEV,same_input_repeat,29120014,use split-specific base input; alter scenario fields only; legal torus points and ordered times; no numerical execution now,same graph/layout/compiled code; match independent oracle,PLANNED,NOT_COMPUTED
n2_r015,HS_n2_b1,DEV,interleaved_contexts,29120015,use split-specific base input; alter scenario fields only; legal torus points and ordered times; no numerical execution now,same graph/layout/compiled code; match independent oracle,PLANNED,NOT_COMPUTED
n2_r016,HS_n2_b1,DEV,change_k,29120016,use split-specific base input; alter scenario fields only; legal torus points and ordered times; no numerical execution now,same graph/layout/compiled code; match independent oracle,PLANNED,NOT_COMPUTED
n2_r017,HS_n2_b1,DEV,change_q,29120017,use split-specific base input; alter scenario fields only; legal torus points and ordered times; no numerical execution now,same graph/layout/compiled code; match independent oracle,PLANNED,NOT_COMPUTED
n2_r018,HS_n2_b1,DEV,change_tau,29120018,use split-specific base input; alter scenario fields only; legal torus points and ordered times; no numerical execution now,same graph/layout/compiled code; match independent oracle,PLANNED,NOT_COMPUTED
n2_r019,HS_n2_b1,DEV,change_t,29120019,use split-specific base input; alter scenario fields only; legal torus points and ordered times; no numerical execution now,same graph/layout/compiled code; match independent oracle,PLANNED,NOT_COMPUTED
n2_r020,HS_n2_b1,DEV,change_omega,29120020,use split-specific base input; alter scenario fields only; legal torus points and ordered times; no numerical execution now,same graph/layout/compiled code; match independent oracle,PLANNED,NOT_COMPUTED
n2_r021,HS_n2_b1,DEV,change_g,29120021,use split-specific base input; alter scenario fields only; legal torus points and ordered times; no numerical execution now,same graph/layout/compiled code; match independent oracle,PLANNED,NOT_COMPUTED
n2_r022,HS_n2_b1,DEV,g_zero,29120022,use split-specific base input; alter scenario fields only; legal torus points and ordered times; no numerical execution now,same graph/layout/compiled code; match independent oracle,PLANNED,NOT_COMPUTED
n2_r023,HS_n2_b1,DEV,joint_parameters,29120023,use split-specific base input; alter scenario fields only; legal torus points and ordered times; no numerical execution now,same graph/layout/compiled code; match independent oracle,PLANNED,NOT_COMPUTED
n2_r024,HS_n2_b1,DEV,joint_sample,29120024,use split-specific base input; alter scenario fields only; legal torus points and ordered times; no numerical execution now,same graph/layout/compiled code; match independent oracle,PLANNED,NOT_COMPUTED
n2_r025,HS_n2_b1,DEV,repeat_q_then_separate,29120025,use split-specific base input; alter scenario fields only; legal torus points and ordered times; no numerical execution now,same graph/layout/compiled code; match independent oracle,PLANNED,NOT_COMPUTED
n2_r026,HS_n2_b1,DEV,repeat_dtau_then_separate,29120026,use split-specific base input; alter scenario fields only; legal torus points and ordered times; no numerical execution now,same graph/layout/compiled code; match independent oracle,PLANNED,NOT_COMPUTED
n2_r027,HS_n2_b1,DEV,change_L_analytic,29120027,use split-specific base input; alter scenario fields only; legal torus points and ordered times; no numerical execution now,same graph/layout/compiled code; match independent oracle,PLANNED,NOT_COMPUTED
n2_r028,HS_n2_b1,DEV,small_nonzero_g,29120028,use split-specific base input; alter scenario fields only; legal torus points and ordered times; no numerical execution now,same graph/layout/compiled code; match independent oracle,PLANNED,NOT_COMPUTED
n2_r029,HS_n2_b1,DEV,longer_legal_intervals,29120029,use split-specific base input; alter scenario fields only; legal torus points and ordered times; no numerical execution now,same graph/layout/compiled code; match independent oracle,PLANNED,NOT_COMPUTED
n2_r030,HS_n2_b1,DEV,same_input_repeat,29120030,use split-specific base input; alter scenario fields only; legal torus points and ordered times; no numerical execution now,same graph/layout/compiled code; match independent oracle,PLANNED,NOT_COMPUTED
n2_r031,HS_n2_b1,DEV,interleaved_contexts,29120031,use split-specific base input; alter scenario fields only; legal torus points and ordered times; no numerical execution now,same graph/layout/compiled code; match independent oracle,PLANNED,NOT_COMPUTED
n2_r032,HS_n2_b1,DEV,change_k,29120032,use split-specific base input; alter scenario fields only; legal torus points and ordered times; no numerical execution now,same graph/layout/compiled code; match independent oracle,PLANNED,NOT_COMPUTED
n2_r033,HS_n2_b1,DEV,change_q,29120033,use split-specific base input; alter scenario fields only; legal torus points and ordered times; no numerical execution now,same graph/layout/compiled code; match independent oracle,PLANNED,NOT_COMPUTED
n2_r034,HS_n2_b1,DEV,change_tau,29120034,use split-specific base input; alter scenario fields only; legal torus points and ordered times; no numerical execution now,same graph/layout/compiled code; match independent oracle,PLANNED,NOT_COMPUTED
n2_r035,HS_n2_b1,DEV,change_t,29120035,use split-specific base input; alter scenario fields only; legal torus points and ordered times; no numerical execution now,same graph/layout/compiled code; match independent oracle,PLANNED,NOT_COMPUTED
n2_r036,HS_n2_b1,DEV,change_omega,29120036,use split-specific base input; alter scenario fields only; legal torus points and ordered times; no numerical execution now,same graph/layout/compiled code; match independent oracle,PLANNED,NOT_COMPUTED
n2_r037,HS_n2_b1,DEV,change_g,29120037,use split-specific base input; alter scenario fields only; legal torus points and ordered times; no numerical execution now,same graph/layout/compiled code; match independent oracle,PLANNED,NOT_COMPUTED
n2_r038,HS_n2_b1,DEV,g_zero,29120038,use split-specific base input; alter scenario fields only; legal torus points and ordered times; no numerical execution now,same graph/layout/compiled code; match independent oracle,PLANNED,NOT_COMPUTED
n2_r039,HS_n2_b1,DEV,joint_parameters,29120039,use split-specific base input; alter scenario fields only; legal torus points and ordered times; no numerical execution now,same graph/layout/compiled code; match independent oracle,PLANNED,NOT_COMPUTED
n2_r040,HS_n2_b1,DEV,joint_sample,29120040,use split-specific base input; alter scenario fields only; legal torus points and ordered times; no numerical execution now,same graph/layout/compiled code; match independent oracle,PLANNED,NOT_COMPUTED
n2_r041,HS_n2_b1,DEV,repeat_q_then_separate,29120041,use split-specific base input; alter scenario fields only; legal torus points and ordered times; no numerical execution now,same graph/layout/compiled code; match independent oracle,PLANNED,NOT_COMPUTED
n2_r042,HS_n2_b1,DEV,repeat_dtau_then_separate,29120042,use split-specific base input; alter scenario fields only; legal torus points and ordered times; no numerical execution now,same graph/layout/compiled code; match independent oracle,PLANNED,NOT_COMPUTED
n2_r043,HS_n2_b1,DEV,change_L_analytic,29120043,use split-specific base input; alter scenario fields only; legal torus points and ordered times; no numerical execution now,same graph/layout/compiled code; match independent oracle,PLANNED,NOT_COMPUTED
n2_r044,HS_n2_b1,DEV,small_nonzero_g,29120044,use split-specific base input; alter scenario fields only; legal torus points and ordered times; no numerical execution now,same graph/layout/compiled code; match independent oracle,PLANNED,NOT_COMPUTED
n2_r045,HS_n2_b1,DEV,longer_legal_intervals,29120045,use split-specific base input; alter scenario fields only; legal torus points and ordered times; no numerical execution now,same graph/layout/compiled code; match independent oracle,PLANNED,NOT_COMPUTED
n2_r046,HS_n2_b1,DEV,same_input_repeat,29120046,use split-specific base input; alter scenario fields only; legal torus points and ordered times; no numerical execution now,same graph/layout/compiled code; match independent oracle,PLANNED,NOT_COMPUTED
n2_r047,HS_n2_b1,DEV,interleaved_contexts,29120047,use split-specific base input; alter scenario fields only; legal torus points and ordered times; no numerical execution now,same graph/layout/compiled code; match independent oracle,PLANNED,NOT_COMPUTED
n2_r048,HS_n2_b1,DEV,change_k,29120048,use split-specific base input; alter scenario fields only; legal torus points and ordered times; no numerical execution now,same graph/layout/compiled code; match independent oracle,PLANNED,NOT_COMPUTED
n2_r049,HS_n2_b1,DEV,change_q,29120049,use split-specific base input; alter scenario fields only; legal torus points and ordered times; no numerical execution now,same graph/layout/compiled code; match independent oracle,PLANNED,NOT_COMPUTED
n2_r050,HS_n2_b1,DEV,change_tau,29120050,use split-specific base input; alter scenario fields only; legal torus points and ordered times; no numerical execution now,same graph/layout/compiled code; match independent oracle,PLANNED,NOT_COMPUTED
n2_r051,HS_n2_b1,DEV,change_t,29120051,use split-specific base input; alter scenario fields only; legal torus points and ordered times; no numerical execution now,same graph/layout/compiled code; match independent oracle,PLANNED,NOT_COMPUTED
n2_r052,HS_n2_b1,DEV,change_omega,29120052,use split-specific base input; alter scenario fields only; legal torus points and ordered times; no numerical execution now,same graph/layout/compiled code; match independent oracle,PLANNED,NOT_COMPUTED
n2_r053,HS_n2_b1,DEV,change_g,29120053,use split-specific base input; alter scenario fields only; legal torus points and ordered times; no numerical execution now,same graph/layout/compiled code; match independent oracle,PLANNED,NOT_COMPUTED
n2_r054,HS_n2_b1,DEV,g_zero,29120054,use split-specific base input; alter scenario fields only; legal torus points and ordered times; no numerical execution now,same graph/layout/compiled code; match independent oracle,PLANNED,NOT_COMPUTED
n2_r055,HS_n2_b1,DEV,joint_parameters,29120055,use split-specific base input; alter scenario fields only; legal torus points and ordered times; no numerical execution now,same graph/layout/compiled code; match independent oracle,PLANNED,NOT_COMPUTED
n2_r056,HS_n2_b1,DEV,joint_sample,29120056,use split-specific base input; alter scenario fields only; legal torus points and ordered times; no numerical execution now,same graph/layout/compiled code; match independent oracle,PLANNED,NOT_COMPUTED
n2_r057,HS_n2_b1,DEV,repeat_q_then_separate,29120057,use split-specific base input; alter scenario fields only; legal torus points and ordered times; no numerical execution now,same graph/layout/compiled code; match independent oracle,PLANNED,NOT_COMPUTED
n2_r058,HS_n2_b1,DEV,repeat_dtau_then_separate,29120058,use split-specific base input; alter scenario fields only; legal torus points and ordered times; no numerical execution now,same graph/layout/compiled code; match independent oracle,PLANNED,NOT_COMPUTED
n2_r059,HS_n2_b1,DEV,change_L_analytic,29120059,use split-specific base input; alter scenario fields only; legal torus points and ordered times; no numerical execution now,same graph/layout/compiled code; match independent oracle,PLANNED,NOT_COMPUTED
n2_r060,HS_n2_b1,DEV,small_nonzero_g,29120060,use split-specific base input; alter scenario fields only; legal torus points and ordered times; no numerical execution now,same graph/layout/compiled code; match independent oracle,PLANNED,NOT_COMPUTED
n2_r061,HS_n2_b1,DEV,longer_legal_intervals,29120061,use split-specific base input; alter scenario fields only; legal torus points and ordered times; no numerical execution now,same graph/layout/compiled code; match independent oracle,PLANNED,NOT_COMPUTED
n2_r062,HS_n2_b1,DEV,same_input_repeat,29120062,use split-specific base input; alter scenario fields only; legal torus points and ordered times; no numerical execution now,same graph/layout/compiled code; match independent oracle,PLANNED,NOT_COMPUTED
n2_r063,HS_n2_b1,DEV,interleaved_contexts,29120063,use split-specific base input; alter scenario fields only; legal torus points and ordered times; no numerical execution now,same graph/layout/compiled code; match independent oracle,PLANNED,NOT_COMPUTED
n2_r064,HS_n2_b1,DEV,change_k,29120064,use split-specific base input; alter scenario fields only; legal torus points and ordered times; no numerical execution now,same graph/layout/compiled code; match independent oracle,PLANNED,NOT_COMPUTED
n2_r065,HS_n2_b1,DEV,change_q,29120065,use split-specific base input; alter scenario fields only; legal torus points and ordered times; no numerical execution now,same graph/layout/compiled code; match independent oracle,PLANNED,NOT_COMPUTED
n2_r066,HS_n2_b1,DEV,change_tau,29120066,use split-specific base input; alter scenario fields only; legal torus points and ordered times; no numerical execution now,same graph/layout/compiled code; match independent oracle,PLANNED,NOT_COMPUTED
n2_r067,HS_n2_b1,DEV,change_t,29120067,use split-specific base input; alter scenario fields only; legal torus points and ordered times; no numerical execution now,same graph/layout/compiled code; match independent oracle,PLANNED,NOT_COMPUTED
n2_r068,HS_n2_b1,DEV,change_omega,29120068,use split-specific base input; alter scenario fields only; legal torus points and ordered times; no numerical execution now,same graph/layout/compiled code; match independent oracle,PLANNED,NOT_COMPUTED
n2_r069,HS_n2_b1,DEV,change_g,29120069,use split-specific base input; alter scenario fields only; legal torus points and ordered times; no numerical execution now,same graph/layout/compiled code; match independent oracle,PLANNED,NOT_COMPUTED
n2_r070,HS_n2_b1,DEV,g_zero,29120070,use split-specific base input; alter scenario fields only; legal torus points and ordered times; no numerical execution now,same graph/layout/compiled code; match independent oracle,PLANNED,NOT_COMPUTED
n2_r071,HS_n2_b1,DEV,joint_parameters,29120071,use split-specific base input; alter scenario fields only; legal torus points and ordered times; no numerical execution now,same graph/layout/compiled code; match independent oracle,PLANNED,NOT_COMPUTED
n2_r072,HS_n2_b1,DEV,joint_sample,29120072,use split-specific base input; alter scenario fields only; legal torus points and ordered times; no numerical execution now,same graph/layout/compiled code; match independent oracle,PLANNED,NOT_COMPUTED
n2_r073,HS_n2_b1,DEV,repeat_q_then_separate,29120073,use split-specific base input; alter scenario fields only; legal torus points and ordered times; no numerical execution now,same graph/layout/compiled code; match independent oracle,PLANNED,NOT_COMPUTED
n2_r074,HS_n2_b1,DEV,repeat_dtau_then_separate,29120074,use split-specific base input; alter scenario fields only; legal torus points and ordered times; no numerical execution now,same graph/layout/compiled code; match independent oracle,PLANNED,NOT_COMPUTED
n2_r075,HS_n2_b1,DEV,change_L_analytic,29120075,use split-specific base input; alter scenario fields only; legal torus points and ordered times; no numerical execution now,same graph/layout/compiled code; match independent oracle,PLANNED,NOT_COMPUTED
n2_r076,HS_n2_b1,DEV,small_nonzero_g,29120076,use split-specific base input; alter scenario fields only; legal torus points and ordered times; no numerical execution now,same graph/layout/compiled code; match independent oracle,PLANNED,NOT_COMPUTED
n2_r077,HS_n2_b1,DEV,longer_legal_intervals,29120077,use split-specific base input; alter scenario fields only; legal torus points and ordered times; no numerical execution now,same graph/layout/compiled code; match independent oracle,PLANNED,NOT_COMPUTED
n2_r078,HS_n2_b1,DEV,same_input_repeat,29120078,use split-specific base input; alter scenario fields only; legal torus points and ordered times; no numerical execution now,same graph/layout/compiled code; match independent oracle,PLANNED,NOT_COMPUTED
n2_r079,HS_n2_b1,DEV,interleaved_contexts,29120079,use split-specific base input; alter scenario fields only; legal torus points and ordered times; no numerical execution now,same graph/layout/compiled code; match independent oracle,PLANNED,NOT_COMPUTED
n2_r080,HS_n2_b1,DEV,change_k,29120080,use split-specific base input; alter scenario fields only; legal torus points and ordered times; no numerical execution now,same graph/layout/compiled code; match independent oracle,PLANNED,NOT_COMPUTED
n2_r081,HS_n2_b1,DEV,change_q,29120081,use split-specific base input; alter scenario fields only; legal torus points and ordered times; no numerical execution now,same graph/layout/compiled code; match independent oracle,PLANNED,NOT_COMPUTED
n2_r082,HS_n2_b1,DEV,change_tau,29120082,use split-specific base input; alter scenario fields only; legal torus points and ordered times; no numerical execution now,same graph/layout/compiled code; match independent oracle,PLANNED,NOT_COMPUTED
n2_r083,HS_n2_b1,DEV,change_t,29120083,use split-specific base input; alter scenario fields only; legal torus points and ordered times; no numerical execution now,same graph/layout/compiled code; match independent oracle,PLANNED,NOT_COMPUTED
n2_r084,HS_n2_b1,DEV,change_omega,29120084,use split-specific base input; alter scenario fields only; legal torus points and ordered times; no numerical execution now,same graph/layout/compiled code; match independent oracle,PLANNED,NOT_COMPUTED
n2_r085,HS_n2_b1,DEV,change_g,29120085,use split-specific base input; alter scenario fields only; legal torus points and ordered times; no numerical execution now,same graph/layout/compiled code; match independent oracle,PLANNED,NOT_COMPUTED
n2_r086,HS_n2_b1,DEV,g_zero,29120086,use split-specific base input; alter scenario fields only; legal torus points and ordered times; no numerical execution now,same graph/layout/compiled code; match independent oracle,PLANNED,NOT_COMPUTED
n2_r087,HS_n2_b1,DEV,joint_parameters,29120087,use split-specific base input; alter scenario fields only; legal torus points and ordered times; no numerical execution now,same graph/layout/compiled code; match independent oracle,PLANNED,NOT_COMPUTED
n2_r088,HS_n2_b1,DEV,joint_sample,29120088,use split-specific base input; alter scenario fields only; legal torus points and ordered times; no numerical execution now,same graph/layout/compiled code; match independent oracle,PLANNED,NOT_COMPUTED
n2_r089,HS_n2_b1,DEV,repeat_q_then_separate,29120089,use split-specific base input; alter scenario fields only; legal torus points and ordered times; no numerical execution now,same graph/layout/compiled code; match independent oracle,PLANNED,NOT_COMPUTED
n2_r090,HS_n2_b1,DEV,repeat_dtau_then_separate,29120090,use split-specific base input; alter scenario fields only; legal torus points and ordered times; no numerical execution now,same graph/layout/compiled code; match independent oracle,PLANNED,NOT_COMPUTED
n2_r091,HS_n2_b1,DEV,change_L_analytic,29120091,use split-specific base input; alter scenario fields only; legal torus points and ordered times; no numerical execution now,same graph/layout/compiled code; match independent oracle,PLANNED,NOT_COMPUTED
n2_r092,HS_n2_b1,DEV,small_nonzero_g,29120092,use split-specific base input; alter scenario fields only; legal torus points and ordered times; no numerical execution now,same graph/layout/compiled code; match independent oracle,PLANNED,NOT_COMPUTED
n2_r093,HS_n2_b1,DEV,longer_legal_intervals,29120093,use split-specific base input; alter scenario fields only; legal torus points and ordered times; no numerical execution now,same graph/layout/compiled code; match independent oracle,PLANNED,NOT_COMPUTED
n2_r094,HS_n2_b1,DEV,same_input_repeat,29120094,use split-specific base input; alter scenario fields only; legal torus points and ordered times; no numerical execution now,same graph/layout/compiled code; match independent oracle,PLANNED,NOT_COMPUTED
n2_r095,HS_n2_b1,DEV,interleaved_contexts,29120095,use split-specific base input; alter scenario fields only; legal torus points and ordered times; no numerical execution now,same graph/layout/compiled code; match independent oracle,PLANNED,NOT_COMPUTED
n2_r096,HS_n2_b1,DEV,change_k,29120096,use split-specific base input; alter scenario fields only; legal torus points and ordered times; no numerical execution now,same graph/layout/compiled code; match independent oracle,PLANNED,NOT_COMPUTED
n2_r097,HS_n2_b1,DEV,change_q,29120097,use split-specific base input; alter scenario fields only; legal torus points and ordered times; no numerical execution now,same graph/layout/compiled code; match independent oracle,PLANNED,NOT_COMPUTED
n2_r098,HS_n2_b1,DEV,change_tau,29120098,use split-specific base input; alter scenario fields only; legal torus points and ordered times; no numerical execution now,same graph/layout/compiled code; match independent oracle,PLANNED,NOT_COMPUTED
n2_r099,HS_n2_b1,DEV,change_t,29120099,use split-specific base input; alter scenario fields only; legal torus points and ordered times; no numerical execution now,same graph/layout/compiled code; match independent oracle,PLANNED,NOT_COMPUTED
n2_r100,HS_n2_b1,DEV,change_omega,29120100,use split-specific base input; alter scenario fields only; legal torus points and ordered times; no numerical execution now,same graph/layout/compiled code; match independent oracle,PLANNED,NOT_COMPUTED
n2_r101,HS_n2_b1,DEV,change_g,29120101,use split-specific base input; alter scenario fields only; legal torus points and ordered times; no numerical execution now,same graph/layout/compiled code; match independent oracle,PLANNED,NOT_COMPUTED
n2_r102,HS_n2_b1,DEV,g_zero,29120102,use split-specific base input; alter scenario fields only; legal torus points and ordered times; no numerical execution now,same graph/layout/compiled code; match independent oracle,PLANNED,NOT_COMPUTED
n2_r103,HS_n2_b1,DEV,joint_parameters,29120103,use split-specific base input; alter scenario fields only; legal torus points and ordered times; no numerical execution now,same graph/layout/compiled code; match independent oracle,PLANNED,NOT_COMPUTED
n2_r104,HS_n2_b1,DEV,joint_sample,29120104,use split-specific base input; alter scenario fields only; legal torus points and ordered times; no numerical execution now,same graph/layout/compiled code; match independent oracle,PLANNED,NOT_COMPUTED
n2_r105,HS_n2_b1,DEV,repeat_q_then_separate,29120105,use split-specific base input; alter scenario fields only; legal torus points and ordered times; no numerical execution now,same graph/layout/compiled code; match independent oracle,PLANNED,NOT_COMPUTED
n2_r106,HS_n2_b1,DEV,repeat_dtau_then_separate,29120106,use split-specific base input; alter scenario fields only; legal torus points and ordered times; no numerical execution now,same graph/layout/compiled code; match independent oracle,PLANNED,NOT_COMPUTED
n2_r107,HS_n2_b1,DEV,change_L_analytic,29120107,use split-specific base input; alter scenario fields only; legal torus points and ordered times; no numerical execution now,same graph/layout/compiled code; match independent oracle,PLANNED,NOT_COMPUTED
n2_r108,HS_n2_b1,DEV,small_nonzero_g,29120108,use split-specific base input; alter scenario fields only; legal torus points and ordered times; no numerical execution now,same graph/layout/compiled code; match independent oracle,PLANNED,NOT_COMPUTED
n2_r109,HS_n2_b1,DEV,longer_legal_intervals,29120109,use split-specific base input; alter scenario fields only; legal torus points and ordered times; no numerical execution now,same graph/layout/compiled code; match independent oracle,PLANNED,NOT_COMPUTED
n2_r110,HS_n2_b1,DEV,same_input_repeat,29120110,use split-specific base input; alter scenario fields only; legal torus points and ordered times; no numerical execution now,same graph/layout/compiled code; match independent oracle,PLANNED,NOT_COMPUTED
n2_r111,HS_n2_b1,DEV,interleaved_contexts,29120111,use split-specific base input; alter scenario fields only; legal torus points and ordered times; no numerical execution now,same graph/layout/compiled code; match independent oracle,PLANNED,NOT_COMPUTED
n2_r112,HS_n2_b1,DEV,change_k,29120112,use split-specific base input; alter scenario fields only; legal torus points and ordered times; no numerical execution now,same graph/layout/compiled code; match independent oracle,PLANNED,NOT_COMPUTED
n2_r113,HS_n2_b1,DEV,change_q,29120113,use split-specific base input; alter scenario fields only; legal torus points and ordered times; no numerical execution now,same graph/layout/compiled code; match independent oracle,PLANNED,NOT_COMPUTED
n2_r114,HS_n2_b1,DEV,change_tau,29120114,use split-specific base input; alter scenario fields only; legal torus points and ordered times; no numerical execution now,same graph/layout/compiled code; match independent oracle,PLANNED,NOT_COMPUTED
n2_r115,HS_n2_b1,DEV,change_t,29120115,use split-specific base input; alter scenario fields only; legal torus points and ordered times; no numerical execution now,same graph/layout/compiled code; match independent oracle,PLANNED,NOT_COMPUTED
n2_r116,HS_n2_b1,DEV,change_omega,29120116,use split-specific base input; alter scenario fields only; legal torus points and ordered times; no numerical execution now,same graph/layout/compiled code; match independent oracle,PLANNED,NOT_COMPUTED
n2_r117,HS_n2_b1,DEV,change_g,29120117,use split-specific base input; alter scenario fields only; legal torus points and ordered times; no numerical execution now,same graph/layout/compiled code; match independent oracle,PLANNED,NOT_COMPUTED
n2_r118,HS_n2_b1,DEV,g_zero,29120118,use split-specific base input; alter scenario fields only; legal torus points and ordered times; no numerical execution now,same graph/layout/compiled code; match independent oracle,PLANNED,NOT_COMPUTED
n2_r119,HS_n2_b1,DEV,joint_parameters,29120119,use split-specific base input; alter scenario fields only; legal torus points and ordered times; no numerical execution now,same graph/layout/compiled code; match independent oracle,PLANNED,NOT_COMPUTED
n2_r120,HS_n2_b1,DEV,joint_sample,29120120,use split-specific base input; alter scenario fields only; legal torus points and ordered times; no numerical execution now,same graph/layout/compiled code; match independent oracle,PLANNED,NOT_COMPUTED
n2_r121,HS_n2_b1,DEV,repeat_q_then_separate,29120121,use split-specific base input; alter scenario fields only; legal torus points and ordered times; no numerical execution now,same graph/layout/compiled code; match independent oracle,PLANNED,NOT_COMPUTED
n2_r122,HS_n2_b1,DEV,repeat_dtau_then_separate,29120122,use split-specific base input; alter scenario fields only; legal torus points and ordered times; no numerical execution now,same graph/layout/compiled code; match independent oracle,PLANNED,NOT_COMPUTED
n2_r123,HS_n2_b1,DEV,change_L_analytic,29120123,use split-specific base input; alter scenario fields only; legal torus points and ordered times; no numerical execution now,same graph/layout/compiled code; match independent oracle,PLANNED,NOT_COMPUTED
n2_r124,HS_n2_b1,DEV,small_nonzero_g,29120124,use split-specific base input; alter scenario fields only; legal torus points and ordered times; no numerical execution now,same graph/layout/compiled code; match independent oracle,PLANNED,NOT_COMPUTED
n2_r125,HS_n2_b1,DEV,longer_legal_intervals,29120125,use split-specific base input; alter scenario fields only; legal torus points and ordered times; no numerical execution now,same graph/layout/compiled code; match independent oracle,PLANNED,NOT_COMPUTED
n2_r126,HS_n2_b1,DEV,same_input_repeat,29120126,use split-specific base input; alter scenario fields only; legal torus points and ordered times; no numerical execution now,same graph/layout/compiled code; match independent oracle,PLANNED,NOT_COMPUTED
n2_r127,HS_n2_b1,DEV,interleaved_contexts,29120127,use split-specific base input; alter scenario fields only; legal torus points and ordered times; no numerical execution now,same graph/layout/compiled code; match independent oracle,PLANNED,NOT_COMPUTED
n2_r128,HS_n2_b1,RESERVED_CONFIRMATION,change_k,29120128,use split-specific base input; alter scenario fields only; legal torus points and ordered times; no numerical execution now,same graph/layout/compiled code; match independent oracle,PLANNED,NOT_COMPUTED
n2_r129,HS_n2_b1,RESERVED_CONFIRMATION,change_q,29120129,use split-specific base input; alter scenario fields only; legal torus points and ordered times; no numerical execution now,same graph/layout/compiled code; match independent oracle,PLANNED,NOT_COMPUTED
n2_r130,HS_n2_b1,RESERVED_CONFIRMATION,change_tau,29120130,use split-specific base input; alter scenario fields only; legal torus points and ordered times; no numerical execution now,same graph/layout/compiled code; match independent oracle,PLANNED,NOT_COMPUTED
n2_r131,HS_n2_b1,RESERVED_CONFIRMATION,change_t,29120131,use split-specific base input; alter scenario fields only; legal torus points and ordered times; no numerical execution now,same graph/layout/compiled code; match independent oracle,PLANNED,NOT_COMPUTED
n2_r132,HS_n2_b1,RESERVED_CONFIRMATION,change_omega,29120132,use split-specific base input; alter scenario fields only; legal torus points and ordered times; no numerical execution now,same graph/layout/compiled code; match independent oracle,PLANNED,NOT_COMPUTED
n2_r133,HS_n2_b1,RESERVED_CONFIRMATION,change_g,29120133,use split-specific base input; alter scenario fields only; legal torus points and ordered times; no numerical execution now,same graph/layout/compiled code; match independent oracle,PLANNED,NOT_COMPUTED
n2_r134,HS_n2_b1,RESERVED_CONFIRMATION,g_zero,29120134,use split-specific base input; alter scenario fields only; legal torus points and ordered times; no numerical execution now,same graph/layout/compiled code; match independent oracle,PLANNED,NOT_COMPUTED
n2_r135,HS_n2_b1,RESERVED_CONFIRMATION,joint_parameters,29120135,use split-specific base input; alter scenario fields only; legal torus points and ordered times; no numerical execution now,same graph/layout/compiled code; match independent oracle,PLANNED,NOT_COMPUTED
n2_r136,HS_n2_b1,RESERVED_CONFIRMATION,joint_sample,29120136,use split-specific base input; alter scenario fields only; legal torus points and ordered times; no numerical execution now,same graph/layout/compiled code; match independent oracle,PLANNED,NOT_COMPUTED
n2_r137,HS_n2_b1,RESERVED_CONFIRMATION,repeat_q_then_separate,29120137,use split-specific base input; alter scenario fields only; legal torus points and ordered times; no numerical execution now,same graph/layout/compiled code; match independent oracle,PLANNED,NOT_COMPUTED
n2_r138,HS_n2_b1,RESERVED_CONFIRMATION,repeat_dtau_then_separate,29120138,use split-specific base input; alter scenario fields only; legal torus points and ordered times; no numerical execution now,same graph/layout/compiled code; match independent oracle,PLANNED,NOT_COMPUTED
n2_r139,HS_n2_b1,RESERVED_CONFIRMATION,change_L_analytic,29120139,use split-specific base input; alter scenario fields only; legal torus points and ordered times; no numerical execution now,same graph/layout/compiled code; match independent oracle,PLANNED,NOT_COMPUTED
n2_r140,HS_n2_b1,RESERVED_CONFIRMATION,small_nonzero_g,29120140,use split-specific base input; alter scenario fields only; legal torus points and ordered times; no numerical execution now,same graph/layout/compiled code; match independent oracle,PLANNED,NOT_COMPUTED
n2_r141,HS_n2_b1,RESERVED_CONFIRMATION,longer_legal_intervals,29120141,use split-specific base input; alter scenario fields only; legal torus points and ordered times; no numerical execution now,same graph/layout/compiled code; match independent oracle,PLANNED,NOT_COMPUTED
n2_r142,HS_n2_b1,RESERVED_CONFIRMATION,same_input_repeat,29120142,use split-specific base input; alter scenario fields only; legal torus points and ordered times; no numerical execution now,same graph/layout/compiled code; match independent oracle,PLANNED,NOT_COMPUTED
n2_r143,HS_n2_b1,RESERVED_CONFIRMATION,interleaved_contexts,29120143,use split-specific base input; alter scenario fields only; legal torus points and ordered times; no numerical execution now,same graph/layout/compiled code; match independent oracle,PLANNED,NOT_COMPUTED
n2_r144,HS_n2_b1,RESERVED_CONFIRMATION,change_k,29120144,use split-specific base input; alter scenario fields only; legal torus points and ordered times; no numerical execution now,same graph/layout/compiled code; match independent oracle,PLANNED,NOT_COMPUTED
n2_r145,HS_n2_b1,RESERVED_CONFIRMATION,change_q,29120145,use split-specific base input; alter scenario fields only; legal torus points and ordered times; no numerical execution now,same graph/layout/compiled code; match independent oracle,PLANNED,NOT_COMPUTED
n2_r146,HS_n2_b1,RESERVED_CONFIRMATION,change_tau,29120146,use split-specific base input; alter scenario fields only; legal torus points and ordered times; no numerical execution now,same graph/layout/compiled code; match independent oracle,PLANNED,NOT_COMPUTED
n2_r147,HS_n2_b1,RESERVED_CONFIRMATION,change_t,29120147,use split-specific base input; alter scenario fields only; legal torus points and ordered times; no numerical execution now,same graph/layout/compiled code; match independent oracle,PLANNED,NOT_COMPUTED
n2_r148,HS_n2_b1,RESERVED_CONFIRMATION,change_omega,29120148,use split-specific base input; alter scenario fields only; legal torus points and ordered times; no numerical execution now,same graph/layout/compiled code; match independent oracle,PLANNED,NOT_COMPUTED
n2_r149,HS_n2_b1,RESERVED_CONFIRMATION,change_g,29120149,use split-specific base input; alter scenario fields only; legal torus points and ordered times; no numerical execution now,same graph/layout/compiled code; match independent oracle,PLANNED,NOT_COMPUTED
n2_r150,HS_n2_b1,RESERVED_CONFIRMATION,g_zero,29120150,use split-specific base input; alter scenario fields only; legal torus points and ordered times; no numerical execution now,same graph/layout/compiled code; match independent oracle,PLANNED,NOT_COMPUTED
n2_r151,HS_n2_b1,RESERVED_CONFIRMATION,joint_parameters,29120151,use split-specific base input; alter scenario fields only; legal torus points and ordered times; no numerical execution now,same graph/layout/compiled code; match independent oracle,PLANNED,NOT_COMPUTED
n2_r152,HS_n2_b1,RESERVED_CONFIRMATION,joint_sample,29120152,use split-specific base input; alter scenario fields only; legal torus points and ordered times; no numerical execution now,same graph/layout/compiled code; match independent oracle,PLANNED,NOT_COMPUTED
n2_r153,HS_n2_b1,RESERVED_CONFIRMATION,repeat_q_then_separate,29120153,use split-specific base input; alter scenario fields only; legal torus points and ordered times; no numerical execution now,same graph/layout/compiled code; match independent oracle,PLANNED,NOT_COMPUTED
n2_r154,HS_n2_b1,RESERVED_CONFIRMATION,repeat_dtau_then_separate,29120154,use split-specific base input; alter scenario fields only; legal torus points and ordered times; no numerical execution now,same graph/layout/compiled code; match independent oracle,PLANNED,NOT_COMPUTED
n2_r155,HS_n2_b1,RESERVED_CONFIRMATION,change_L_analytic,29120155,use split-specific base input; alter scenario fields only; legal torus points and ordered times; no numerical execution now,same graph/layout/compiled code; match independent oracle,PLANNED,NOT_COMPUTED
n2_r156,HS_n2_b1,RESERVED_CONFIRMATION,small_nonzero_g,29120156,use split-specific base input; alter scenario fields only; legal torus points and ordered times; no numerical execution now,same graph/layout/compiled code; match independent oracle,PLANNED,NOT_COMPUTED
n2_r157,HS_n2_b1,RESERVED_CONFIRMATION,longer_legal_intervals,29120157,use split-specific base input; alter scenario fields only; legal torus points and ordered times; no numerical execution now,same graph/layout/compiled code; match independent oracle,PLANNED,NOT_COMPUTED
n2_r158,HS_n2_b1,RESERVED_CONFIRMATION,same_input_repeat,29120158,use split-specific base input; alter scenario fields only; legal torus points and ordered times; no numerical execution now,same graph/layout/compiled code; match independent oracle,PLANNED,NOT_COMPUTED
n2_r159,HS_n2_b1,RESERVED_CONFIRMATION,interleaved_contexts,29120159,use split-specific base input; alter scenario fields only; legal torus points and ordered times; no numerical execution now,same graph/layout/compiled code; match independent oracle,PLANNED,NOT_COMPUTED
n2_r160,HS_n2_b1,RESERVED_CONFIRMATION,change_k,29120160,use split-specific base input; alter scenario fields only; legal torus points and ordered times; no numerical execution now,same graph/layout/compiled code; match independent oracle,PLANNED,NOT_COMPUTED
n2_r161,HS_n2_b1,RESERVED_CONFIRMATION,change_q,29120161,use split-specific base input; alter scenario fields only; legal torus points and ordered times; no numerical execution now,same graph/layout/compiled code; match independent oracle,PLANNED,NOT_COMPUTED
n2_r162,HS_n2_b1,RESERVED_CONFIRMATION,change_tau,29120162,use split-specific base input; alter scenario fields only; legal torus points and ordered times; no numerical execution now,same graph/layout/compiled code; match independent oracle,PLANNED,NOT_COMPUTED
n2_r163,HS_n2_b1,RESERVED_CONFIRMATION,change_t,29120163,use split-specific base input; alter scenario fields only; legal torus points and ordered times; no numerical execution now,same graph/layout/compiled code; match independent oracle,PLANNED,NOT_COMPUTED
n2_r164,HS_n2_b1,RESERVED_CONFIRMATION,change_omega,29120164,use split-specific base input; alter scenario fields only; legal torus points and ordered times; no numerical execution now,same graph/layout/compiled code; match independent oracle,PLANNED,NOT_COMPUTED
n2_r165,HS_n2_b1,RESERVED_CONFIRMATION,change_g,29120165,use split-specific base input; alter scenario fields only; legal torus points and ordered times; no numerical execution now,same graph/layout/compiled code; match independent oracle,PLANNED,NOT_COMPUTED
n2_r166,HS_n2_b1,RESERVED_CONFIRMATION,g_zero,29120166,use split-specific base input; alter scenario fields only; legal torus points and ordered times; no numerical execution now,same graph/layout/compiled code; match independent oracle,PLANNED,NOT_COMPUTED
n2_r167,HS_n2_b1,RESERVED_CONFIRMATION,joint_parameters,29120167,use split-specific base input; alter scenario fields only; legal torus points and ordered times; no numerical execution now,same graph/layout/compiled code; match independent oracle,PLANNED,NOT_COMPUTED
n2_r168,HS_n2_b1,RESERVED_CONFIRMATION,joint_sample,29120168,use split-specific base input; alter scenario fields only; legal torus points and ordered times; no numerical execution now,same graph/layout/compiled code; match independent oracle,PLANNED,NOT_COMPUTED
n2_r169,HS_n2_b1,RESERVED_CONFIRMATION,repeat_q_then_separate,29120169,use split-specific base input; alter scenario fields only; legal torus points and ordered times; no numerical execution now,same graph/layout/compiled code; match independent oracle,PLANNED,NOT_COMPUTED
n2_r170,HS_n2_b1,RESERVED_CONFIRMATION,repeat_dtau_then_separate,29120170,use split-specific base input; alter scenario fields only; legal torus points and ordered times; no numerical execution now,same graph/layout/compiled code; match independent oracle,PLANNED,NOT_COMPUTED
n2_r171,HS_n2_b1,RESERVED_CONFIRMATION,change_L_analytic,29120171,use split-specific base input; alter scenario fields only; legal torus points and ordered times; no numerical execution now,same graph/layout/compiled code; match independent oracle,PLANNED,NOT_COMPUTED
n2_r172,HS_n2_b1,RESERVED_CONFIRMATION,small_nonzero_g,29120172,use split-specific base input; alter scenario fields only; legal torus points and ordered times; no numerical execution now,same graph/layout/compiled code; match independent oracle,PLANNED,NOT_COMPUTED
n2_r173,HS_n2_b1,RESERVED_CONFIRMATION,longer_legal_intervals,29120173,use split-specific base input; alter scenario fields only; legal torus points and ordered times; no numerical execution now,same graph/layout/compiled code; match independent oracle,PLANNED,NOT_COMPUTED
n2_r174,HS_n2_b1,RESERVED_CONFIRMATION,same_input_repeat,29120174,use split-specific base input; alter scenario fields only; legal torus points and ordered times; no numerical execution now,same graph/layout/compiled code; match independent oracle,PLANNED,NOT_COMPUTED
n2_r175,HS_n2_b1,RESERVED_CONFIRMATION,interleaved_contexts,29120175,use split-specific base input; alter scenario fields only; legal torus points and ordered times; no numerical execution now,same graph/layout/compiled code; match independent oracle,PLANNED,NOT_COMPUTED
n2_r176,HS_n2_b1,RESERVED_CONFIRMATION,change_k,29120176,use split-specific base input; alter scenario fields only; legal torus points and ordered times; no numerical execution now,same graph/layout/compiled code; match independent oracle,PLANNED,NOT_COMPUTED
n2_r177,HS_n2_b1,RESERVED_CONFIRMATION,change_q,29120177,use split-specific base input; alter scenario fields only; legal torus points and ordered times; no numerical execution now,same graph/layout/compiled code; match independent oracle,PLANNED,NOT_COMPUTED
n2_r178,HS_n2_b1,RESERVED_CONFIRMATION,change_tau,29120178,use split-specific base input; alter scenario fields only; legal torus points and ordered times; no numerical execution now,same graph/layout/compiled code; match independent oracle,PLANNED,NOT_COMPUTED
n2_r179,HS_n2_b1,RESERVED_CONFIRMATION,change_t,29120179,use split-specific base input; alter scenario fields only; legal torus points and ordered times; no numerical execution now,same graph/layout/compiled code; match independent oracle,PLANNED,NOT_COMPUTED
n2_r180,HS_n2_b1,RESERVED_CONFIRMATION,change_omega,29120180,use split-specific base input; alter scenario fields only; legal torus points and ordered times; no numerical execution now,same graph/layout/compiled code; match independent oracle,PLANNED,NOT_COMPUTED
n2_r181,HS_n2_b1,RESERVED_CONFIRMATION,change_g,29120181,use split-specific base input; alter scenario fields only; legal torus points and ordered times; no numerical execution now,same graph/layout/compiled code; match independent oracle,PLANNED,NOT_COMPUTED
n2_r182,HS_n2_b1,RESERVED_CONFIRMATION,g_zero,29120182,use split-specific base input; alter scenario fields only; legal torus points and ordered times; no numerical execution now,same graph/layout/compiled code; match independent oracle,PLANNED,NOT_COMPUTED
n2_r183,HS_n2_b1,RESERVED_CONFIRMATION,joint_parameters,29120183,use split-specific base input; alter scenario fields only; legal torus points and ordered times; no numerical execution now,same graph/layout/compiled code; match independent oracle,PLANNED,NOT_COMPUTED
n2_r184,HS_n2_b1,RESERVED_CONFIRMATION,joint_sample,29120184,use split-specific base input; alter scenario fields only; legal torus points and ordered times; no numerical execution now,same graph/layout/compiled code; match independent oracle,PLANNED,NOT_COMPUTED
n2_r185,HS_n2_b1,RESERVED_CONFIRMATION,repeat_q_then_separate,29120185,use split-specific base input; alter scenario fields only; legal torus points and ordered times; no numerical execution now,same graph/layout/compiled code; match independent oracle,PLANNED,NOT_COMPUTED
n2_r186,HS_n2_b1,RESERVED_CONFIRMATION,repeat_dtau_then_separate,29120186,use split-specific base input; alter scenario fields only; legal torus points and ordered times; no numerical execution now,same graph/layout/compiled code; match independent oracle,PLANNED,NOT_COMPUTED
n2_r187,HS_n2_b1,RESERVED_CONFIRMATION,change_L_analytic,29120187,use split-specific base input; alter scenario fields only; legal torus points and ordered times; no numerical execution now,same graph/layout/compiled code; match independent oracle,PLANNED,NOT_COMPUTED
n2_r188,HS_n2_b1,RESERVED_CONFIRMATION,small_nonzero_g,29120188,use split-specific base input; alter scenario fields only; legal torus points and ordered times; no numerical execution now,same graph/layout/compiled code; match independent oracle,PLANNED,NOT_COMPUTED
n2_r189,HS_n2_b1,RESERVED_CONFIRMATION,longer_legal_intervals,29120189,use split-specific base input; alter scenario fields only; legal torus points and ordered times; no numerical execution now,same graph/layout/compiled code; match independent oracle,PLANNED,NOT_COMPUTED
n2_r190,HS_n2_b1,RESERVED_CONFIRMATION,same_input_repeat,29120190,use split-specific base input; alter scenario fields only; legal torus points and ordered times; no numerical execution now,same graph/layout/compiled code; match independent oracle,PLANNED,NOT_COMPUTED
n2_r191,HS_n2_b1,RESERVED_CONFIRMATION,interleaved_contexts,29120191,use split-specific base input; alter scenario fields only; legal torus points and ordered times; no numerical execution now,same graph/layout/compiled code; match independent oracle,PLANNED,NOT_COMPUTED
n2_r192,HS_n2_b1,RESERVED_CONFIRMATION,change_k,29120192,use split-specific base input; alter scenario fields only; legal torus points and ordered times; no numerical execution now,same graph/layout/compiled code; match independent oracle,PLANNED,NOT_COMPUTED
n2_r193,HS_n2_b1,RESERVED_CONFIRMATION,change_q,29120193,use split-specific base input; alter scenario fields only; legal torus points and ordered times; no numerical execution now,same graph/layout/compiled code; match independent oracle,PLANNED,NOT_COMPUTED
n2_r194,HS_n2_b1,RESERVED_CONFIRMATION,change_tau,29120194,use split-specific base input; alter scenario fields only; legal torus points and ordered times; no numerical execution now,same graph/layout/compiled code; match independent oracle,PLANNED,NOT_COMPUTED
n2_r195,HS_n2_b1,RESERVED_CONFIRMATION,change_t,29120195,use split-specific base input; alter scenario fields only; legal torus points and ordered times; no numerical execution now,same graph/layout/compiled code; match independent oracle,PLANNED,NOT_COMPUTED
n2_r196,HS_n2_b1,RESERVED_CONFIRMATION,change_omega,29120196,use split-specific base input; alter scenario fields only; legal torus points and ordered times; no numerical execution now,same graph/layout/compiled code; match independent oracle,PLANNED,NOT_COMPUTED
n2_r197,HS_n2_b1,RESERVED_CONFIRMATION,change_g,29120197,use split-specific base input; alter scenario fields only; legal torus points and ordered times; no numerical execution now,same graph/layout/compiled code; match independent oracle,PLANNED,NOT_COMPUTED
n2_r198,HS_n2_b1,RESERVED_CONFIRMATION,g_zero,29120198,use split-specific base input; alter scenario fields only; legal torus points and ordered times; no numerical execution now,same graph/layout/compiled code; match independent oracle,PLANNED,NOT_COMPUTED
n2_r199,HS_n2_b1,RESERVED_CONFIRMATION,joint_parameters,29120199,use split-specific base input; alter scenario fields only; legal torus points and ordered times; no numerical execution now,same graph/layout/compiled code; match independent oracle,PLANNED,NOT_COMPUTED
n2_r200,HS_n2_b1,RESERVED_CONFIRMATION,joint_sample,29120200,use split-specific base input; alter scenario fields only; legal torus points and ordered times; no numerical execution now,same graph/layout/compiled code; match independent oracle,PLANNED,NOT_COMPUTED
n2_r201,HS_n2_b1,RESERVED_CONFIRMATION,repeat_q_then_separate,29120201,use split-specific base input; alter scenario fields only; legal torus points and ordered times; no numerical execution now,same graph/layout/compiled code; match independent oracle,PLANNED,NOT_COMPUTED
n2_r202,HS_n2_b1,RESERVED_CONFIRMATION,repeat_dtau_then_separate,29120202,use split-specific base input; alter scenario fields only; legal torus points and ordered times; no numerical execution now,same graph/layout/compiled code; match independent oracle,PLANNED,NOT_COMPUTED
n2_r203,HS_n2_b1,RESERVED_CONFIRMATION,change_L_analytic,29120203,use split-specific base input; alter scenario fields only; legal torus points and ordered times; no numerical execution now,same graph/layout/compiled code; match independent oracle,PLANNED,NOT_COMPUTED
n2_r204,HS_n2_b1,RESERVED_CONFIRMATION,small_nonzero_g,29120204,use split-specific base input; alter scenario fields only; legal torus points and ordered times; no numerical execution now,same graph/layout/compiled code; match independent oracle,PLANNED,NOT_COMPUTED
n2_r205,HS_n2_b1,RESERVED_CONFIRMATION,longer_legal_intervals,29120205,use split-specific base input; alter scenario fields only; legal torus points and ordered times; no numerical execution now,same graph/layout/compiled code; match independent oracle,PLANNED,NOT_COMPUTED
n2_r206,HS_n2_b1,RESERVED_CONFIRMATION,same_input_repeat,29120206,use split-specific base input; alter scenario fields only; legal torus points and ordered times; no numerical execution now,same graph/layout/compiled code; match independent oracle,PLANNED,NOT_COMPUTED
n2_r207,HS_n2_b1,RESERVED_CONFIRMATION,interleaved_contexts,29120207,use split-specific base input; alter scenario fields only; legal torus points and ordered times; no numerical execution now,same graph/layout/compiled code; match independent oracle,PLANNED,NOT_COMPUTED
n2_r208,HS_n2_b1,RESERVED_CONFIRMATION,change_k,29120208,use split-specific base input; alter scenario fields only; legal torus points and ordered times; no numerical execution now,same graph/layout/compiled code; match independent oracle,PLANNED,NOT_COMPUTED
n2_r209,HS_n2_b1,RESERVED_CONFIRMATION,change_q,29120209,use split-specific base input; alter scenario fields only; legal torus points and ordered times; no numerical execution now,same graph/layout/compiled code; match independent oracle,PLANNED,NOT_COMPUTED
n2_r210,HS_n2_b1,RESERVED_CONFIRMATION,change_tau,29120210,use split-specific base input; alter scenario fields only; legal torus points and ordered times; no numerical execution now,same graph/layout/compiled code; match independent oracle,PLANNED,NOT_COMPUTED
n2_r211,HS_n2_b1,RESERVED_CONFIRMATION,change_t,29120211,use split-specific base input; alter scenario fields only; legal torus points and ordered times; no numerical execution now,same graph/layout/compiled code; match independent oracle,PLANNED,NOT_COMPUTED
n2_r212,HS_n2_b1,RESERVED_CONFIRMATION,change_omega,29120212,use split-specific base input; alter scenario fields only; legal torus points and ordered times; no numerical execution now,same graph/layout/compiled code; match independent oracle,PLANNED,NOT_COMPUTED
n2_r213,HS_n2_b1,RESERVED_CONFIRMATION,change_g,29120213,use split-specific base input; alter scenario fields only; legal torus points and ordered times; no numerical execution now,same graph/layout/compiled code; match independent oracle,PLANNED,NOT_COMPUTED
n2_r214,HS_n2_b1,RESERVED_CONFIRMATION,g_zero,29120214,use split-specific base input; alter scenario fields only; legal torus points and ordered times; no numerical execution now,same graph/layout/compiled code; match independent oracle,PLANNED,NOT_COMPUTED
n2_r215,HS_n2_b1,RESERVED_CONFIRMATION,joint_parameters,29120215,use split-specific base input; alter scenario fields only; legal torus points and ordered times; no numerical execution now,same graph/layout/compiled code; match independent oracle,PLANNED,NOT_COMPUTED
n2_r216,HS_n2_b1,RESERVED_CONFIRMATION,joint_sample,29120216,use split-specific base input; alter scenario fields only; legal torus points and ordered times; no numerical execution now,same graph/layout/compiled code; match independent oracle,PLANNED,NOT_COMPUTED
n2_r217,HS_n2_b1,RESERVED_CONFIRMATION,repeat_q_then_separate,29120217,use split-specific base input; alter scenario fields only; legal torus points and ordered times; no numerical execution now,same graph/layout/compiled code; match independent oracle,PLANNED,NOT_COMPUTED
n2_r218,HS_n2_b1,RESERVED_CONFIRMATION,repeat_dtau_then_separate,29120218,use split-specific base input; alter scenario fields only; legal torus points and ordered times; no numerical execution now,same graph/layout/compiled code; match independent oracle,PLANNED,NOT_COMPUTED
n2_r219,HS_n2_b1,RESERVED_CONFIRMATION,change_L_analytic,29120219,use split-specific base input; alter scenario fields only; legal torus points and ordered times; no numerical execution now,same graph/layout/compiled code; match independent oracle,PLANNED,NOT_COMPUTED
n2_r220,HS_n2_b1,RESERVED_CONFIRMATION,small_nonzero_g,29120220,use split-specific base input; alter scenario fields only; legal torus points and ordered times; no numerical execution now,same graph/layout/compiled code; match independent oracle,PLANNED,NOT_COMPUTED
n2_r221,HS_n2_b1,RESERVED_CONFIRMATION,longer_legal_intervals,29120221,use split-specific base input; alter scenario fields only; legal torus points and ordered times; no numerical execution now,same graph/layout/compiled code; match independent oracle,PLANNED,NOT_COMPUTED
n2_r222,HS_n2_b1,RESERVED_CONFIRMATION,same_input_repeat,29120222,use split-specific base input; alter scenario fields only; legal torus points and ordered times; no numerical execution now,same graph/layout/compiled code; match independent oracle,PLANNED,NOT_COMPUTED
n2_r223,HS_n2_b1,RESERVED_CONFIRMATION,interleaved_contexts,29120223,use split-specific base input; alter scenario fields only; legal torus points and ordered times; no numerical execution now,same graph/layout/compiled code; match independent oracle,PLANNED,NOT_COMPUTED
n2_r224,HS_n2_b1,RESERVED_CONFIRMATION,change_k,29120224,use split-specific base input; alter scenario fields only; legal torus points and ordered times; no numerical execution now,same graph/layout/compiled code; match independent oracle,PLANNED,NOT_COMPUTED
n2_r225,HS_n2_b1,RESERVED_CONFIRMATION,change_q,29120225,use split-specific base input; alter scenario fields only; legal torus points and ordered times; no numerical execution now,same graph/layout/compiled code; match independent oracle,PLANNED,NOT_COMPUTED
n2_r226,HS_n2_b1,RESERVED_CONFIRMATION,change_tau,29120226,use split-specific base input; alter scenario fields only; legal torus points and ordered times; no numerical execution now,same graph/layout/compiled code; match independent oracle,PLANNED,NOT_COMPUTED
n2_r227,HS_n2_b1,RESERVED_CONFIRMATION,change_t,29120227,use split-specific base input; alter scenario fields only; legal torus points and ordered times; no numerical execution now,same graph/layout/compiled code; match independent oracle,PLANNED,NOT_COMPUTED
n2_r228,HS_n2_b1,RESERVED_CONFIRMATION,change_omega,29120228,use split-specific base input; alter scenario fields only; legal torus points and ordered times; no numerical execution now,same graph/layout/compiled code; match independent oracle,PLANNED,NOT_COMPUTED
n2_r229,HS_n2_b1,RESERVED_CONFIRMATION,change_g,29120229,use split-specific base input; alter scenario fields only; legal torus points and ordered times; no numerical execution now,same graph/layout/compiled code; match independent oracle,PLANNED,NOT_COMPUTED
n2_r230,HS_n2_b1,RESERVED_CONFIRMATION,g_zero,29120230,use split-specific base input; alter scenario fields only; legal torus points and ordered times; no numerical execution now,same graph/layout/compiled code; match independent oracle,PLANNED,NOT_COMPUTED
n2_r231,HS_n2_b1,RESERVED_CONFIRMATION,joint_parameters,29120231,use split-specific base input; alter scenario fields only; legal torus points and ordered times; no numerical execution now,same graph/layout/compiled code; match independent oracle,PLANNED,NOT_COMPUTED
n2_r232,HS_n2_b1,RESERVED_CONFIRMATION,joint_sample,29120232,use split-specific base input; alter scenario fields only; legal torus points and ordered times; no numerical execution now,same graph/layout/compiled code; match independent oracle,PLANNED,NOT_COMPUTED
n2_r233,HS_n2_b1,RESERVED_CONFIRMATION,repeat_q_then_separate,29120233,use split-specific base input; alter scenario fields only; legal torus points and ordered times; no numerical execution now,same graph/layout/compiled code; match independent oracle,PLANNED,NOT_COMPUTED
n2_r234,HS_n2_b1,RESERVED_CONFIRMATION,repeat_dtau_then_separate,29120234,use split-specific base input; alter scenario fields only; legal torus points and ordered times; no numerical execution now,same graph/layout/compiled code; match independent oracle,PLANNED,NOT_COMPUTED
n2_r235,HS_n2_b1,RESERVED_CONFIRMATION,change_L_analytic,29120235,use split-specific base input; alter scenario fields only; legal torus points and ordered times; no numerical execution now,same graph/layout/compiled code; match independent oracle,PLANNED,NOT_COMPUTED
n2_r236,HS_n2_b1,RESERVED_CONFIRMATION,small_nonzero_g,29120236,use split-specific base input; alter scenario fields only; legal torus points and ordered times; no numerical execution now,same graph/layout/compiled code; match independent oracle,PLANNED,NOT_COMPUTED
n2_r237,HS_n2_b1,RESERVED_CONFIRMATION,longer_legal_intervals,29120237,use split-specific base input; alter scenario fields only; legal torus points and ordered times; no numerical execution now,same graph/layout/compiled code; match independent oracle,PLANNED,NOT_COMPUTED
n2_r238,HS_n2_b1,RESERVED_CONFIRMATION,same_input_repeat,29120238,use split-specific base input; alter scenario fields only; legal torus points and ordered times; no numerical execution now,same graph/layout/compiled code; match independent oracle,PLANNED,NOT_COMPUTED
n2_r239,HS_n2_b1,RESERVED_CONFIRMATION,interleaved_contexts,29120239,use split-specific base input; alter scenario fields only; legal torus points and ordered times; no numerical execution now,same graph/layout/compiled code; match independent oracle,PLANNED,NOT_COMPUTED
n2_r240,HS_n2_b1,RESERVED_CONFIRMATION,change_k,29120240,use split-specific base input; alter scenario fields only; legal torus points and ordered times; no numerical execution now,same graph/layout/compiled code; match independent oracle,PLANNED,NOT_COMPUTED
n2_r241,HS_n2_b1,RESERVED_CONFIRMATION,change_q,29120241,use split-specific base input; alter scenario fields only; legal torus points and ordered times; no numerical execution now,same graph/layout/compiled code; match independent oracle,PLANNED,NOT_COMPUTED
n2_r242,HS_n2_b1,RESERVED_CONFIRMATION,change_tau,29120242,use split-specific base input; alter scenario fields only; legal torus points and ordered times; no numerical execution now,same graph/layout/compiled code; match independent oracle,PLANNED,NOT_COMPUTED
n2_r243,HS_n2_b1,RESERVED_CONFIRMATION,change_t,29120243,use split-specific base input; alter scenario fields only; legal torus points and ordered times; no numerical execution now,same graph/layout/compiled code; match independent oracle,PLANNED,NOT_COMPUTED
n2_r244,HS_n2_b1,RESERVED_CONFIRMATION,change_omega,29120244,use split-specific base input; alter scenario fields only; legal torus points and ordered times; no numerical execution now,same graph/layout/compiled code; match independent oracle,PLANNED,NOT_COMPUTED
n2_r245,HS_n2_b1,RESERVED_CONFIRMATION,change_g,29120245,use split-specific base input; alter scenario fields only; legal torus points and ordered times; no numerical execution now,same graph/layout/compiled code; match independent oracle,PLANNED,NOT_COMPUTED
n2_r246,HS_n2_b1,RESERVED_CONFIRMATION,g_zero,29120246,use split-specific base input; alter scenario fields only; legal torus points and ordered times; no numerical execution now,same graph/layout/compiled code; match independent oracle,PLANNED,NOT_COMPUTED
n2_r247,HS_n2_b1,RESERVED_CONFIRMATION,joint_parameters,29120247,use split-specific base input; alter scenario fields only; legal torus points and ordered times; no numerical execution now,same graph/layout/compiled code; match independent oracle,PLANNED,NOT_COMPUTED
n2_r248,HS_n2_b1,RESERVED_CONFIRMATION,joint_sample,29120248,use split-specific base input; alter scenario fields only; legal torus points and ordered times; no numerical execution now,same graph/layout/compiled code; match independent oracle,PLANNED,NOT_COMPUTED
n2_r249,HS_n2_b1,RESERVED_CONFIRMATION,repeat_q_then_separate,29120249,use split-specific base input; alter scenario fields only; legal torus points and ordered times; no numerical execution now,same graph/layout/compiled code; match independent oracle,PLANNED,NOT_COMPUTED
n2_r250,HS_n2_b1,RESERVED_CONFIRMATION,repeat_dtau_then_separate,29120250,use split-specific base input; alter scenario fields only; legal torus points and ordered times; no numerical execution now,same graph/layout/compiled code; match independent oracle,PLANNED,NOT_COMPUTED
n2_r251,HS_n2_b1,RESERVED_CONFIRMATION,change_L_analytic,29120251,use split-specific base input; alter scenario fields only; legal torus points and ordered times; no numerical execution now,same graph/layout/compiled code; match independent oracle,PLANNED,NOT_COMPUTED
n2_r252,HS_n2_b1,RESERVED_CONFIRMATION,small_nonzero_g,29120252,use split-specific base input; alter scenario fields only; legal torus points and ordered times; no numerical execution now,same graph/layout/compiled code; match independent oracle,PLANNED,NOT_COMPUTED
n2_r253,HS_n2_b1,RESERVED_CONFIRMATION,longer_legal_intervals,29120253,use split-specific base input; alter scenario fields only; legal torus points and ordered times; no numerical execution now,same graph/layout/compiled code; match independent oracle,PLANNED,NOT_COMPUTED
n2_r254,HS_n2_b1,RESERVED_CONFIRMATION,same_input_repeat,29120254,use split-specific base input; alter scenario fields only; legal torus points and ordered times; no numerical execution now,same graph/layout/compiled code; match independent oracle,PLANNED,NOT_COMPUTED
n2_r255,HS_n2_b1,RESERVED_CONFIRMATION,interleaved_contexts,29120255,use split-specific base input; alter scenario fields only; legal torus points and ordered times; no numerical execution now,same graph/layout/compiled code; match independent oracle,PLANNED,NOT_COMPUTED
n3_r000,HS_n3_b1,DEV,change_k,29130000,use split-specific base input; alter scenario fields only; legal torus points and ordered times; no numerical execution now,same graph/layout/compiled code; match independent oracle,PLANNED,NOT_COMPUTED
n3_r001,HS_n3_b1,DEV,change_q,29130001,use split-specific base input; alter scenario fields only; legal torus points and ordered times; no numerical execution now,same graph/layout/compiled code; match independent oracle,PLANNED,NOT_COMPUTED
n3_r002,HS_n3_b1,DEV,change_tau,29130002,use split-specific base input; alter scenario fields only; legal torus points and ordered times; no numerical execution now,same graph/layout/compiled code; match independent oracle,PLANNED,NOT_COMPUTED
n3_r003,HS_n3_b1,DEV,change_t,29130003,use split-specific base input; alter scenario fields only; legal torus points and ordered times; no numerical execution now,same graph/layout/compiled code; match independent oracle,PLANNED,NOT_COMPUTED
n3_r004,HS_n3_b1,DEV,change_omega,29130004,use split-specific base input; alter scenario fields only; legal torus points and ordered times; no numerical execution now,same graph/layout/compiled code; match independent oracle,PLANNED,NOT_COMPUTED
n3_r005,HS_n3_b1,DEV,change_g,29130005,use split-specific base input; alter scenario fields only; legal torus points and ordered times; no numerical execution now,same graph/layout/compiled code; match independent oracle,PLANNED,NOT_COMPUTED
n3_r006,HS_n3_b1,DEV,g_zero,29130006,use split-specific base input; alter scenario fields only; legal torus points and ordered times; no numerical execution now,same graph/layout/compiled code; match independent oracle,PLANNED,NOT_COMPUTED
n3_r007,HS_n3_b1,DEV,joint_parameters,29130007,use split-specific base input; alter scenario fields only; legal torus points and ordered times; no numerical execution now,same graph/layout/compiled code; match independent oracle,PLANNED,NOT_COMPUTED
n3_r008,HS_n3_b1,DEV,joint_sample,29130008,use split-specific base input; alter scenario fields only; legal torus points and ordered times; no numerical execution now,same graph/layout/compiled code; match independent oracle,PLANNED,NOT_COMPUTED
n3_r009,HS_n3_b1,DEV,repeat_q_then_separate,29130009,use split-specific base input; alter scenario fields only; legal torus points and ordered times; no numerical execution now,same graph/layout/compiled code; match independent oracle,PLANNED,NOT_COMPUTED
n3_r010,HS_n3_b1,DEV,repeat_dtau_then_separate,29130010,use split-specific base input; alter scenario fields only; legal torus points and ordered times; no numerical execution now,same graph/layout/compiled code; match independent oracle,PLANNED,NOT_COMPUTED
n3_r011,HS_n3_b1,DEV,change_L_analytic,29130011,use split-specific base input; alter scenario fields only; legal torus points and ordered times; no numerical execution now,same graph/layout/compiled code; match independent oracle,PLANNED,NOT_COMPUTED
n3_r012,HS_n3_b1,DEV,small_nonzero_g,29130012,use split-specific base input; alter scenario fields only; legal torus points and ordered times; no numerical execution now,same graph/layout/compiled code; match independent oracle,PLANNED,NOT_COMPUTED
n3_r013,HS_n3_b1,DEV,longer_legal_intervals,29130013,use split-specific base input; alter scenario fields only; legal torus points and ordered times; no numerical execution now,same graph/layout/compiled code; match independent oracle,PLANNED,NOT_COMPUTED
n3_r014,HS_n3_b1,DEV,same_input_repeat,29130014,use split-specific base input; alter scenario fields only; legal torus points and ordered times; no numerical execution now,same graph/layout/compiled code; match independent oracle,PLANNED,NOT_COMPUTED
n3_r015,HS_n3_b1,DEV,interleaved_contexts,29130015,use split-specific base input; alter scenario fields only; legal torus points and ordered times; no numerical execution now,same graph/layout/compiled code; match independent oracle,PLANNED,NOT_COMPUTED
n3_r016,HS_n3_b1,DEV,change_k,29130016,use split-specific base input; alter scenario fields only; legal torus points and ordered times; no numerical execution now,same graph/layout/compiled code; match independent oracle,PLANNED,NOT_COMPUTED
n3_r017,HS_n3_b1,DEV,change_q,29130017,use split-specific base input; alter scenario fields only; legal torus points and ordered times; no numerical execution now,same graph/layout/compiled code; match independent oracle,PLANNED,NOT_COMPUTED
n3_r018,HS_n3_b1,DEV,change_tau,29130018,use split-specific base input; alter scenario fields only; legal torus points and ordered times; no numerical execution now,same graph/layout/compiled code; match independent oracle,PLANNED,NOT_COMPUTED
n3_r019,HS_n3_b1,DEV,change_t,29130019,use split-specific base input; alter scenario fields only; legal torus points and ordered times; no numerical execution now,same graph/layout/compiled code; match independent oracle,PLANNED,NOT_COMPUTED
n3_r020,HS_n3_b1,DEV,change_omega,29130020,use split-specific base input; alter scenario fields only; legal torus points and ordered times; no numerical execution now,same graph/layout/compiled code; match independent oracle,PLANNED,NOT_COMPUTED
n3_r021,HS_n3_b1,DEV,change_g,29130021,use split-specific base input; alter scenario fields only; legal torus points and ordered times; no numerical execution now,same graph/layout/compiled code; match independent oracle,PLANNED,NOT_COMPUTED
n3_r022,HS_n3_b1,DEV,g_zero,29130022,use split-specific base input; alter scenario fields only; legal torus points and ordered times; no numerical execution now,same graph/layout/compiled code; match independent oracle,PLANNED,NOT_COMPUTED
n3_r023,HS_n3_b1,DEV,joint_parameters,29130023,use split-specific base input; alter scenario fields only; legal torus points and ordered times; no numerical execution now,same graph/layout/compiled code; match independent oracle,PLANNED,NOT_COMPUTED
n3_r024,HS_n3_b1,DEV,joint_sample,29130024,use split-specific base input; alter scenario fields only; legal torus points and ordered times; no numerical execution now,same graph/layout/compiled code; match independent oracle,PLANNED,NOT_COMPUTED
n3_r025,HS_n3_b1,DEV,repeat_q_then_separate,29130025,use split-specific base input; alter scenario fields only; legal torus points and ordered times; no numerical execution now,same graph/layout/compiled code; match independent oracle,PLANNED,NOT_COMPUTED
n3_r026,HS_n3_b1,DEV,repeat_dtau_then_separate,29130026,use split-specific base input; alter scenario fields only; legal torus points and ordered times; no numerical execution now,same graph/layout/compiled code; match independent oracle,PLANNED,NOT_COMPUTED
n3_r027,HS_n3_b1,DEV,change_L_analytic,29130027,use split-specific base input; alter scenario fields only; legal torus points and ordered times; no numerical execution now,same graph/layout/compiled code; match independent oracle,PLANNED,NOT_COMPUTED
n3_r028,HS_n3_b1,DEV,small_nonzero_g,29130028,use split-specific base input; alter scenario fields only; legal torus points and ordered times; no numerical execution now,same graph/layout/compiled code; match independent oracle,PLANNED,NOT_COMPUTED
n3_r029,HS_n3_b1,DEV,longer_legal_intervals,29130029,use split-specific base input; alter scenario fields only; legal torus points and ordered times; no numerical execution now,same graph/layout/compiled code; match independent oracle,PLANNED,NOT_COMPUTED
n3_r030,HS_n3_b1,DEV,same_input_repeat,29130030,use split-specific base input; alter scenario fields only; legal torus points and ordered times; no numerical execution now,same graph/layout/compiled code; match independent oracle,PLANNED,NOT_COMPUTED
n3_r031,HS_n3_b1,DEV,interleaved_contexts,29130031,use split-specific base input; alter scenario fields only; legal torus points and ordered times; no numerical execution now,same graph/layout/compiled code; match independent oracle,PLANNED,NOT_COMPUTED
n3_r032,HS_n3_b1,DEV,change_k,29130032,use split-specific base input; alter scenario fields only; legal torus points and ordered times; no numerical execution now,same graph/layout/compiled code; match independent oracle,PLANNED,NOT_COMPUTED
n3_r033,HS_n3_b1,DEV,change_q,29130033,use split-specific base input; alter scenario fields only; legal torus points and ordered times; no numerical execution now,same graph/layout/compiled code; match independent oracle,PLANNED,NOT_COMPUTED
n3_r034,HS_n3_b1,DEV,change_tau,29130034,use split-specific base input; alter scenario fields only; legal torus points and ordered times; no numerical execution now,same graph/layout/compiled code; match independent oracle,PLANNED,NOT_COMPUTED
n3_r035,HS_n3_b1,DEV,change_t,29130035,use split-specific base input; alter scenario fields only; legal torus points and ordered times; no numerical execution now,same graph/layout/compiled code; match independent oracle,PLANNED,NOT_COMPUTED
n3_r036,HS_n3_b1,DEV,change_omega,29130036,use split-specific base input; alter scenario fields only; legal torus points and ordered times; no numerical execution now,same graph/layout/compiled code; match independent oracle,PLANNED,NOT_COMPUTED
n3_r037,HS_n3_b1,DEV,change_g,29130037,use split-specific base input; alter scenario fields only; legal torus points and ordered times; no numerical execution now,same graph/layout/compiled code; match independent oracle,PLANNED,NOT_COMPUTED
n3_r038,HS_n3_b1,DEV,g_zero,29130038,use split-specific base input; alter scenario fields only; legal torus points and ordered times; no numerical execution now,same graph/layout/compiled code; match independent oracle,PLANNED,NOT_COMPUTED
n3_r039,HS_n3_b1,DEV,joint_parameters,29130039,use split-specific base input; alter scenario fields only; legal torus points and ordered times; no numerical execution now,same graph/layout/compiled code; match independent oracle,PLANNED,NOT_COMPUTED
n3_r040,HS_n3_b1,DEV,joint_sample,29130040,use split-specific base input; alter scenario fields only; legal torus points and ordered times; no numerical execution now,same graph/layout/compiled code; match independent oracle,PLANNED,NOT_COMPUTED
n3_r041,HS_n3_b1,DEV,repeat_q_then_separate,29130041,use split-specific base input; alter scenario fields only; legal torus points and ordered times; no numerical execution now,same graph/layout/compiled code; match independent oracle,PLANNED,NOT_COMPUTED
n3_r042,HS_n3_b1,DEV,repeat_dtau_then_separate,29130042,use split-specific base input; alter scenario fields only; legal torus points and ordered times; no numerical execution now,same graph/layout/compiled code; match independent oracle,PLANNED,NOT_COMPUTED
n3_r043,HS_n3_b1,DEV,change_L_analytic,29130043,use split-specific base input; alter scenario fields only; legal torus points and ordered times; no numerical execution now,same graph/layout/compiled code; match independent oracle,PLANNED,NOT_COMPUTED
n3_r044,HS_n3_b1,DEV,small_nonzero_g,29130044,use split-specific base input; alter scenario fields only; legal torus points and ordered times; no numerical execution now,same graph/layout/compiled code; match independent oracle,PLANNED,NOT_COMPUTED
n3_r045,HS_n3_b1,DEV,longer_legal_intervals,29130045,use split-specific base input; alter scenario fields only; legal torus points and ordered times; no numerical execution now,same graph/layout/compiled code; match independent oracle,PLANNED,NOT_COMPUTED
n3_r046,HS_n3_b1,DEV,same_input_repeat,29130046,use split-specific base input; alter scenario fields only; legal torus points and ordered times; no numerical execution now,same graph/layout/compiled code; match independent oracle,PLANNED,NOT_COMPUTED
n3_r047,HS_n3_b1,DEV,interleaved_contexts,29130047,use split-specific base input; alter scenario fields only; legal torus points and ordered times; no numerical execution now,same graph/layout/compiled code; match independent oracle,PLANNED,NOT_COMPUTED
n3_r048,HS_n3_b1,DEV,change_k,29130048,use split-specific base input; alter scenario fields only; legal torus points and ordered times; no numerical execution now,same graph/layout/compiled code; match independent oracle,PLANNED,NOT_COMPUTED
n3_r049,HS_n3_b1,DEV,change_q,29130049,use split-specific base input; alter scenario fields only; legal torus points and ordered times; no numerical execution now,same graph/layout/compiled code; match independent oracle,PLANNED,NOT_COMPUTED
n3_r050,HS_n3_b1,DEV,change_tau,29130050,use split-specific base input; alter scenario fields only; legal torus points and ordered times; no numerical execution now,same graph/layout/compiled code; match independent oracle,PLANNED,NOT_COMPUTED
n3_r051,HS_n3_b1,DEV,change_t,29130051,use split-specific base input; alter scenario fields only; legal torus points and ordered times; no numerical execution now,same graph/layout/compiled code; match independent oracle,PLANNED,NOT_COMPUTED
n3_r052,HS_n3_b1,DEV,change_omega,29130052,use split-specific base input; alter scenario fields only; legal torus points and ordered times; no numerical execution now,same graph/layout/compiled code; match independent oracle,PLANNED,NOT_COMPUTED
n3_r053,HS_n3_b1,DEV,change_g,29130053,use split-specific base input; alter scenario fields only; legal torus points and ordered times; no numerical execution now,same graph/layout/compiled code; match independent oracle,PLANNED,NOT_COMPUTED
n3_r054,HS_n3_b1,DEV,g_zero,29130054,use split-specific base input; alter scenario fields only; legal torus points and ordered times; no numerical execution now,same graph/layout/compiled code; match independent oracle,PLANNED,NOT_COMPUTED
n3_r055,HS_n3_b1,DEV,joint_parameters,29130055,use split-specific base input; alter scenario fields only; legal torus points and ordered times; no numerical execution now,same graph/layout/compiled code; match independent oracle,PLANNED,NOT_COMPUTED
n3_r056,HS_n3_b1,DEV,joint_sample,29130056,use split-specific base input; alter scenario fields only; legal torus points and ordered times; no numerical execution now,same graph/layout/compiled code; match independent oracle,PLANNED,NOT_COMPUTED
n3_r057,HS_n3_b1,DEV,repeat_q_then_separate,29130057,use split-specific base input; alter scenario fields only; legal torus points and ordered times; no numerical execution now,same graph/layout/compiled code; match independent oracle,PLANNED,NOT_COMPUTED
n3_r058,HS_n3_b1,DEV,repeat_dtau_then_separate,29130058,use split-specific base input; alter scenario fields only; legal torus points and ordered times; no numerical execution now,same graph/layout/compiled code; match independent oracle,PLANNED,NOT_COMPUTED
n3_r059,HS_n3_b1,DEV,change_L_analytic,29130059,use split-specific base input; alter scenario fields only; legal torus points and ordered times; no numerical execution now,same graph/layout/compiled code; match independent oracle,PLANNED,NOT_COMPUTED
n3_r060,HS_n3_b1,DEV,small_nonzero_g,29130060,use split-specific base input; alter scenario fields only; legal torus points and ordered times; no numerical execution now,same graph/layout/compiled code; match independent oracle,PLANNED,NOT_COMPUTED
n3_r061,HS_n3_b1,DEV,longer_legal_intervals,29130061,use split-specific base input; alter scenario fields only; legal torus points and ordered times; no numerical execution now,same graph/layout/compiled code; match independent oracle,PLANNED,NOT_COMPUTED
n3_r062,HS_n3_b1,DEV,same_input_repeat,29130062,use split-specific base input; alter scenario fields only; legal torus points and ordered times; no numerical execution now,same graph/layout/compiled code; match independent oracle,PLANNED,NOT_COMPUTED
n3_r063,HS_n3_b1,DEV,interleaved_contexts,29130063,use split-specific base input; alter scenario fields only; legal torus points and ordered times; no numerical execution now,same graph/layout/compiled code; match independent oracle,PLANNED,NOT_COMPUTED
n3_r064,HS_n3_b1,DEV,change_k,29130064,use split-specific base input; alter scenario fields only; legal torus points and ordered times; no numerical execution now,same graph/layout/compiled code; match independent oracle,PLANNED,NOT_COMPUTED
n3_r065,HS_n3_b1,DEV,change_q,29130065,use split-specific base input; alter scenario fields only; legal torus points and ordered times; no numerical execution now,same graph/layout/compiled code; match independent oracle,PLANNED,NOT_COMPUTED
n3_r066,HS_n3_b1,DEV,change_tau,29130066,use split-specific base input; alter scenario fields only; legal torus points and ordered times; no numerical execution now,same graph/layout/compiled code; match independent oracle,PLANNED,NOT_COMPUTED
n3_r067,HS_n3_b1,DEV,change_t,29130067,use split-specific base input; alter scenario fields only; legal torus points and ordered times; no numerical execution now,same graph/layout/compiled code; match independent oracle,PLANNED,NOT_COMPUTED
n3_r068,HS_n3_b1,DEV,change_omega,29130068,use split-specific base input; alter scenario fields only; legal torus points and ordered times; no numerical execution now,same graph/layout/compiled code; match independent oracle,PLANNED,NOT_COMPUTED
n3_r069,HS_n3_b1,DEV,change_g,29130069,use split-specific base input; alter scenario fields only; legal torus points and ordered times; no numerical execution now,same graph/layout/compiled code; match independent oracle,PLANNED,NOT_COMPUTED
n3_r070,HS_n3_b1,DEV,g_zero,29130070,use split-specific base input; alter scenario fields only; legal torus points and ordered times; no numerical execution now,same graph/layout/compiled code; match independent oracle,PLANNED,NOT_COMPUTED
n3_r071,HS_n3_b1,DEV,joint_parameters,29130071,use split-specific base input; alter scenario fields only; legal torus points and ordered times; no numerical execution now,same graph/layout/compiled code; match independent oracle,PLANNED,NOT_COMPUTED
n3_r072,HS_n3_b1,DEV,joint_sample,29130072,use split-specific base input; alter scenario fields only; legal torus points and ordered times; no numerical execution now,same graph/layout/compiled code; match independent oracle,PLANNED,NOT_COMPUTED
n3_r073,HS_n3_b1,DEV,repeat_q_then_separate,29130073,use split-specific base input; alter scenario fields only; legal torus points and ordered times; no numerical execution now,same graph/layout/compiled code; match independent oracle,PLANNED,NOT_COMPUTED
n3_r074,HS_n3_b1,DEV,repeat_dtau_then_separate,29130074,use split-specific base input; alter scenario fields only; legal torus points and ordered times; no numerical execution now,same graph/layout/compiled code; match independent oracle,PLANNED,NOT_COMPUTED
n3_r075,HS_n3_b1,DEV,change_L_analytic,29130075,use split-specific base input; alter scenario fields only; legal torus points and ordered times; no numerical execution now,same graph/layout/compiled code; match independent oracle,PLANNED,NOT_COMPUTED
n3_r076,HS_n3_b1,DEV,small_nonzero_g,29130076,use split-specific base input; alter scenario fields only; legal torus points and ordered times; no numerical execution now,same graph/layout/compiled code; match independent oracle,PLANNED,NOT_COMPUTED
n3_r077,HS_n3_b1,DEV,longer_legal_intervals,29130077,use split-specific base input; alter scenario fields only; legal torus points and ordered times; no numerical execution now,same graph/layout/compiled code; match independent oracle,PLANNED,NOT_COMPUTED
n3_r078,HS_n3_b1,DEV,same_input_repeat,29130078,use split-specific base input; alter scenario fields only; legal torus points and ordered times; no numerical execution now,same graph/layout/compiled code; match independent oracle,PLANNED,NOT_COMPUTED
n3_r079,HS_n3_b1,DEV,interleaved_contexts,29130079,use split-specific base input; alter scenario fields only; legal torus points and ordered times; no numerical execution now,same graph/layout/compiled code; match independent oracle,PLANNED,NOT_COMPUTED
n3_r080,HS_n3_b1,DEV,change_k,29130080,use split-specific base input; alter scenario fields only; legal torus points and ordered times; no numerical execution now,same graph/layout/compiled code; match independent oracle,PLANNED,NOT_COMPUTED
n3_r081,HS_n3_b1,DEV,change_q,29130081,use split-specific base input; alter scenario fields only; legal torus points and ordered times; no numerical execution now,same graph/layout/compiled code; match independent oracle,PLANNED,NOT_COMPUTED
n3_r082,HS_n3_b1,DEV,change_tau,29130082,use split-specific base input; alter scenario fields only; legal torus points and ordered times; no numerical execution now,same graph/layout/compiled code; match independent oracle,PLANNED,NOT_COMPUTED
n3_r083,HS_n3_b1,DEV,change_t,29130083,use split-specific base input; alter scenario fields only; legal torus points and ordered times; no numerical execution now,same graph/layout/compiled code; match independent oracle,PLANNED,NOT_COMPUTED
n3_r084,HS_n3_b1,DEV,change_omega,29130084,use split-specific base input; alter scenario fields only; legal torus points and ordered times; no numerical execution now,same graph/layout/compiled code; match independent oracle,PLANNED,NOT_COMPUTED
n3_r085,HS_n3_b1,DEV,change_g,29130085,use split-specific base input; alter scenario fields only; legal torus points and ordered times; no numerical execution now,same graph/layout/compiled code; match independent oracle,PLANNED,NOT_COMPUTED
n3_r086,HS_n3_b1,DEV,g_zero,29130086,use split-specific base input; alter scenario fields only; legal torus points and ordered times; no numerical execution now,same graph/layout/compiled code; match independent oracle,PLANNED,NOT_COMPUTED
n3_r087,HS_n3_b1,DEV,joint_parameters,29130087,use split-specific base input; alter scenario fields only; legal torus points and ordered times; no numerical execution now,same graph/layout/compiled code; match independent oracle,PLANNED,NOT_COMPUTED
n3_r088,HS_n3_b1,DEV,joint_sample,29130088,use split-specific base input; alter scenario fields only; legal torus points and ordered times; no numerical execution now,same graph/layout/compiled code; match independent oracle,PLANNED,NOT_COMPUTED
n3_r089,HS_n3_b1,DEV,repeat_q_then_separate,29130089,use split-specific base input; alter scenario fields only; legal torus points and ordered times; no numerical execution now,same graph/layout/compiled code; match independent oracle,PLANNED,NOT_COMPUTED
n3_r090,HS_n3_b1,DEV,repeat_dtau_then_separate,29130090,use split-specific base input; alter scenario fields only; legal torus points and ordered times; no numerical execution now,same graph/layout/compiled code; match independent oracle,PLANNED,NOT_COMPUTED
n3_r091,HS_n3_b1,DEV,change_L_analytic,29130091,use split-specific base input; alter scenario fields only; legal torus points and ordered times; no numerical execution now,same graph/layout/compiled code; match independent oracle,PLANNED,NOT_COMPUTED
n3_r092,HS_n3_b1,DEV,small_nonzero_g,29130092,use split-specific base input; alter scenario fields only; legal torus points and ordered times; no numerical execution now,same graph/layout/compiled code; match independent oracle,PLANNED,NOT_COMPUTED
n3_r093,HS_n3_b1,DEV,longer_legal_intervals,29130093,use split-specific base input; alter scenario fields only; legal torus points and ordered times; no numerical execution now,same graph/layout/compiled code; match independent oracle,PLANNED,NOT_COMPUTED
n3_r094,HS_n3_b1,DEV,same_input_repeat,29130094,use split-specific base input; alter scenario fields only; legal torus points and ordered times; no numerical execution now,same graph/layout/compiled code; match independent oracle,PLANNED,NOT_COMPUTED
n3_r095,HS_n3_b1,DEV,interleaved_contexts,29130095,use split-specific base input; alter scenario fields only; legal torus points and ordered times; no numerical execution now,same graph/layout/compiled code; match independent oracle,PLANNED,NOT_COMPUTED
n3_r096,HS_n3_b1,DEV,change_k,29130096,use split-specific base input; alter scenario fields only; legal torus points and ordered times; no numerical execution now,same graph/layout/compiled code; match independent oracle,PLANNED,NOT_COMPUTED
n3_r097,HS_n3_b1,DEV,change_q,29130097,use split-specific base input; alter scenario fields only; legal torus points and ordered times; no numerical execution now,same graph/layout/compiled code; match independent oracle,PLANNED,NOT_COMPUTED
n3_r098,HS_n3_b1,DEV,change_tau,29130098,use split-specific base input; alter scenario fields only; legal torus points and ordered times; no numerical execution now,same graph/layout/compiled code; match independent oracle,PLANNED,NOT_COMPUTED
n3_r099,HS_n3_b1,DEV,change_t,29130099,use split-specific base input; alter scenario fields only; legal torus points and ordered times; no numerical execution now,same graph/layout/compiled code; match independent oracle,PLANNED,NOT_COMPUTED
n3_r100,HS_n3_b1,DEV,change_omega,29130100,use split-specific base input; alter scenario fields only; legal torus points and ordered times; no numerical execution now,same graph/layout/compiled code; match independent oracle,PLANNED,NOT_COMPUTED
n3_r101,HS_n3_b1,DEV,change_g,29130101,use split-specific base input; alter scenario fields only; legal torus points and ordered times; no numerical execution now,same graph/layout/compiled code; match independent oracle,PLANNED,NOT_COMPUTED
n3_r102,HS_n3_b1,DEV,g_zero,29130102,use split-specific base input; alter scenario fields only; legal torus points and ordered times; no numerical execution now,same graph/layout/compiled code; match independent oracle,PLANNED,NOT_COMPUTED
n3_r103,HS_n3_b1,DEV,joint_parameters,29130103,use split-specific base input; alter scenario fields only; legal torus points and ordered times; no numerical execution now,same graph/layout/compiled code; match independent oracle,PLANNED,NOT_COMPUTED
n3_r104,HS_n3_b1,DEV,joint_sample,29130104,use split-specific base input; alter scenario fields only; legal torus points and ordered times; no numerical execution now,same graph/layout/compiled code; match independent oracle,PLANNED,NOT_COMPUTED
n3_r105,HS_n3_b1,DEV,repeat_q_then_separate,29130105,use split-specific base input; alter scenario fields only; legal torus points and ordered times; no numerical execution now,same graph/layout/compiled code; match independent oracle,PLANNED,NOT_COMPUTED
n3_r106,HS_n3_b1,DEV,repeat_dtau_then_separate,29130106,use split-specific base input; alter scenario fields only; legal torus points and ordered times; no numerical execution now,same graph/layout/compiled code; match independent oracle,PLANNED,NOT_COMPUTED
n3_r107,HS_n3_b1,DEV,change_L_analytic,29130107,use split-specific base input; alter scenario fields only; legal torus points and ordered times; no numerical execution now,same graph/layout/compiled code; match independent oracle,PLANNED,NOT_COMPUTED
n3_r108,HS_n3_b1,DEV,small_nonzero_g,29130108,use split-specific base input; alter scenario fields only; legal torus points and ordered times; no numerical execution now,same graph/layout/compiled code; match independent oracle,PLANNED,NOT_COMPUTED
n3_r109,HS_n3_b1,DEV,longer_legal_intervals,29130109,use split-specific base input; alter scenario fields only; legal torus points and ordered times; no numerical execution now,same graph/layout/compiled code; match independent oracle,PLANNED,NOT_COMPUTED
n3_r110,HS_n3_b1,DEV,same_input_repeat,29130110,use split-specific base input; alter scenario fields only; legal torus points and ordered times; no numerical execution now,same graph/layout/compiled code; match independent oracle,PLANNED,NOT_COMPUTED
n3_r111,HS_n3_b1,DEV,interleaved_contexts,29130111,use split-specific base input; alter scenario fields only; legal torus points and ordered times; no numerical execution now,same graph/layout/compiled code; match independent oracle,PLANNED,NOT_COMPUTED
n3_r112,HS_n3_b1,DEV,change_k,29130112,use split-specific base input; alter scenario fields only; legal torus points and ordered times; no numerical execution now,same graph/layout/compiled code; match independent oracle,PLANNED,NOT_COMPUTED
n3_r113,HS_n3_b1,DEV,change_q,29130113,use split-specific base input; alter scenario fields only; legal torus points and ordered times; no numerical execution now,same graph/layout/compiled code; match independent oracle,PLANNED,NOT_COMPUTED
n3_r114,HS_n3_b1,DEV,change_tau,29130114,use split-specific base input; alter scenario fields only; legal torus points and ordered times; no numerical execution now,same graph/layout/compiled code; match independent oracle,PLANNED,NOT_COMPUTED
n3_r115,HS_n3_b1,DEV,change_t,29130115,use split-specific base input; alter scenario fields only; legal torus points and ordered times; no numerical execution now,same graph/layout/compiled code; match independent oracle,PLANNED,NOT_COMPUTED
n3_r116,HS_n3_b1,DEV,change_omega,29130116,use split-specific base input; alter scenario fields only; legal torus points and ordered times; no numerical execution now,same graph/layout/compiled code; match independent oracle,PLANNED,NOT_COMPUTED
n3_r117,HS_n3_b1,DEV,change_g,29130117,use split-specific base input; alter scenario fields only; legal torus points and ordered times; no numerical execution now,same graph/layout/compiled code; match independent oracle,PLANNED,NOT_COMPUTED
n3_r118,HS_n3_b1,DEV,g_zero,29130118,use split-specific base input; alter scenario fields only; legal torus points and ordered times; no numerical execution now,same graph/layout/compiled code; match independent oracle,PLANNED,NOT_COMPUTED
n3_r119,HS_n3_b1,DEV,joint_parameters,29130119,use split-specific base input; alter scenario fields only; legal torus points and ordered times; no numerical execution now,same graph/layout/compiled code; match independent oracle,PLANNED,NOT_COMPUTED
n3_r120,HS_n3_b1,DEV,joint_sample,29130120,use split-specific base input; alter scenario fields only; legal torus points and ordered times; no numerical execution now,same graph/layout/compiled code; match independent oracle,PLANNED,NOT_COMPUTED
n3_r121,HS_n3_b1,DEV,repeat_q_then_separate,29130121,use split-specific base input; alter scenario fields only; legal torus points and ordered times; no numerical execution now,same graph/layout/compiled code; match independent oracle,PLANNED,NOT_COMPUTED
n3_r122,HS_n3_b1,DEV,repeat_dtau_then_separate,29130122,use split-specific base input; alter scenario fields only; legal torus points and ordered times; no numerical execution now,same graph/layout/compiled code; match independent oracle,PLANNED,NOT_COMPUTED
n3_r123,HS_n3_b1,DEV,change_L_analytic,29130123,use split-specific base input; alter scenario fields only; legal torus points and ordered times; no numerical execution now,same graph/layout/compiled code; match independent oracle,PLANNED,NOT_COMPUTED
n3_r124,HS_n3_b1,DEV,small_nonzero_g,29130124,use split-specific base input; alter scenario fields only; legal torus points and ordered times; no numerical execution now,same graph/layout/compiled code; match independent oracle,PLANNED,NOT_COMPUTED
n3_r125,HS_n3_b1,DEV,longer_legal_intervals,29130125,use split-specific base input; alter scenario fields only; legal torus points and ordered times; no numerical execution now,same graph/layout/compiled code; match independent oracle,PLANNED,NOT_COMPUTED
n3_r126,HS_n3_b1,DEV,same_input_repeat,29130126,use split-specific base input; alter scenario fields only; legal torus points and ordered times; no numerical execution now,same graph/layout/compiled code; match independent oracle,PLANNED,NOT_COMPUTED
n3_r127,HS_n3_b1,DEV,interleaved_contexts,29130127,use split-specific base input; alter scenario fields only; legal torus points and ordered times; no numerical execution now,same graph/layout/compiled code; match independent oracle,PLANNED,NOT_COMPUTED
n3_r128,HS_n3_b1,RESERVED_CONFIRMATION,change_k,29130128,use split-specific base input; alter scenario fields only; legal torus points and ordered times; no numerical execution now,same graph/layout/compiled code; match independent oracle,PLANNED,NOT_COMPUTED
n3_r129,HS_n3_b1,RESERVED_CONFIRMATION,change_q,29130129,use split-specific base input; alter scenario fields only; legal torus points and ordered times; no numerical execution now,same graph/layout/compiled code; match independent oracle,PLANNED,NOT_COMPUTED
n3_r130,HS_n3_b1,RESERVED_CONFIRMATION,change_tau,29130130,use split-specific base input; alter scenario fields only; legal torus points and ordered times; no numerical execution now,same graph/layout/compiled code; match independent oracle,PLANNED,NOT_COMPUTED
n3_r131,HS_n3_b1,RESERVED_CONFIRMATION,change_t,29130131,use split-specific base input; alter scenario fields only; legal torus points and ordered times; no numerical execution now,same graph/layout/compiled code; match independent oracle,PLANNED,NOT_COMPUTED
n3_r132,HS_n3_b1,RESERVED_CONFIRMATION,change_omega,29130132,use split-specific base input; alter scenario fields only; legal torus points and ordered times; no numerical execution now,same graph/layout/compiled code; match independent oracle,PLANNED,NOT_COMPUTED
n3_r133,HS_n3_b1,RESERVED_CONFIRMATION,change_g,29130133,use split-specific base input; alter scenario fields only; legal torus points and ordered times; no numerical execution now,same graph/layout/compiled code; match independent oracle,PLANNED,NOT_COMPUTED
n3_r134,HS_n3_b1,RESERVED_CONFIRMATION,g_zero,29130134,use split-specific base input; alter scenario fields only; legal torus points and ordered times; no numerical execution now,same graph/layout/compiled code; match independent oracle,PLANNED,NOT_COMPUTED
n3_r135,HS_n3_b1,RESERVED_CONFIRMATION,joint_parameters,29130135,use split-specific base input; alter scenario fields only; legal torus points and ordered times; no numerical execution now,same graph/layout/compiled code; match independent oracle,PLANNED,NOT_COMPUTED
n3_r136,HS_n3_b1,RESERVED_CONFIRMATION,joint_sample,29130136,use split-specific base input; alter scenario fields only; legal torus points and ordered times; no numerical execution now,same graph/layout/compiled code; match independent oracle,PLANNED,NOT_COMPUTED
n3_r137,HS_n3_b1,RESERVED_CONFIRMATION,repeat_q_then_separate,29130137,use split-specific base input; alter scenario fields only; legal torus points and ordered times; no numerical execution now,same graph/layout/compiled code; match independent oracle,PLANNED,NOT_COMPUTED
n3_r138,HS_n3_b1,RESERVED_CONFIRMATION,repeat_dtau_then_separate,29130138,use split-specific base input; alter scenario fields only; legal torus points and ordered times; no numerical execution now,same graph/layout/compiled code; match independent oracle,PLANNED,NOT_COMPUTED
n3_r139,HS_n3_b1,RESERVED_CONFIRMATION,change_L_analytic,29130139,use split-specific base input; alter scenario fields only; legal torus points and ordered times; no numerical execution now,same graph/layout/compiled code; match independent oracle,PLANNED,NOT_COMPUTED
n3_r140,HS_n3_b1,RESERVED_CONFIRMATION,small_nonzero_g,29130140,use split-specific base input; alter scenario fields only; legal torus points and ordered times; no numerical execution now,same graph/layout/compiled code; match independent oracle,PLANNED,NOT_COMPUTED
n3_r141,HS_n3_b1,RESERVED_CONFIRMATION,longer_legal_intervals,29130141,use split-specific base input; alter scenario fields only; legal torus points and ordered times; no numerical execution now,same graph/layout/compiled code; match independent oracle,PLANNED,NOT_COMPUTED
n3_r142,HS_n3_b1,RESERVED_CONFIRMATION,same_input_repeat,29130142,use split-specific base input; alter scenario fields only; legal torus points and ordered times; no numerical execution now,same graph/layout/compiled code; match independent oracle,PLANNED,NOT_COMPUTED
n3_r143,HS_n3_b1,RESERVED_CONFIRMATION,interleaved_contexts,29130143,use split-specific base input; alter scenario fields only; legal torus points and ordered times; no numerical execution now,same graph/layout/compiled code; match independent oracle,PLANNED,NOT_COMPUTED
n3_r144,HS_n3_b1,RESERVED_CONFIRMATION,change_k,29130144,use split-specific base input; alter scenario fields only; legal torus points and ordered times; no numerical execution now,same graph/layout/compiled code; match independent oracle,PLANNED,NOT_COMPUTED
n3_r145,HS_n3_b1,RESERVED_CONFIRMATION,change_q,29130145,use split-specific base input; alter scenario fields only; legal torus points and ordered times; no numerical execution now,same graph/layout/compiled code; match independent oracle,PLANNED,NOT_COMPUTED
n3_r146,HS_n3_b1,RESERVED_CONFIRMATION,change_tau,29130146,use split-specific base input; alter scenario fields only; legal torus points and ordered times; no numerical execution now,same graph/layout/compiled code; match independent oracle,PLANNED,NOT_COMPUTED
n3_r147,HS_n3_b1,RESERVED_CONFIRMATION,change_t,29130147,use split-specific base input; alter scenario fields only; legal torus points and ordered times; no numerical execution now,same graph/layout/compiled code; match independent oracle,PLANNED,NOT_COMPUTED
n3_r148,HS_n3_b1,RESERVED_CONFIRMATION,change_omega,29130148,use split-specific base input; alter scenario fields only; legal torus points and ordered times; no numerical execution now,same graph/layout/compiled code; match independent oracle,PLANNED,NOT_COMPUTED
n3_r149,HS_n3_b1,RESERVED_CONFIRMATION,change_g,29130149,use split-specific base input; alter scenario fields only; legal torus points and ordered times; no numerical execution now,same graph/layout/compiled code; match independent oracle,PLANNED,NOT_COMPUTED
n3_r150,HS_n3_b1,RESERVED_CONFIRMATION,g_zero,29130150,use split-specific base input; alter scenario fields only; legal torus points and ordered times; no numerical execution now,same graph/layout/compiled code; match independent oracle,PLANNED,NOT_COMPUTED
n3_r151,HS_n3_b1,RESERVED_CONFIRMATION,joint_parameters,29130151,use split-specific base input; alter scenario fields only; legal torus points and ordered times; no numerical execution now,same graph/layout/compiled code; match independent oracle,PLANNED,NOT_COMPUTED
n3_r152,HS_n3_b1,RESERVED_CONFIRMATION,joint_sample,29130152,use split-specific base input; alter scenario fields only; legal torus points and ordered times; no numerical execution now,same graph/layout/compiled code; match independent oracle,PLANNED,NOT_COMPUTED
n3_r153,HS_n3_b1,RESERVED_CONFIRMATION,repeat_q_then_separate,29130153,use split-specific base input; alter scenario fields only; legal torus points and ordered times; no numerical execution now,same graph/layout/compiled code; match independent oracle,PLANNED,NOT_COMPUTED
n3_r154,HS_n3_b1,RESERVED_CONFIRMATION,repeat_dtau_then_separate,29130154,use split-specific base input; alter scenario fields only; legal torus points and ordered times; no numerical execution now,same graph/layout/compiled code; match independent oracle,PLANNED,NOT_COMPUTED
n3_r155,HS_n3_b1,RESERVED_CONFIRMATION,change_L_analytic,29130155,use split-specific base input; alter scenario fields only; legal torus points and ordered times; no numerical execution now,same graph/layout/compiled code; match independent oracle,PLANNED,NOT_COMPUTED
n3_r156,HS_n3_b1,RESERVED_CONFIRMATION,small_nonzero_g,29130156,use split-specific base input; alter scenario fields only; legal torus points and ordered times; no numerical execution now,same graph/layout/compiled code; match independent oracle,PLANNED,NOT_COMPUTED
n3_r157,HS_n3_b1,RESERVED_CONFIRMATION,longer_legal_intervals,29130157,use split-specific base input; alter scenario fields only; legal torus points and ordered times; no numerical execution now,same graph/layout/compiled code; match independent oracle,PLANNED,NOT_COMPUTED
n3_r158,HS_n3_b1,RESERVED_CONFIRMATION,same_input_repeat,29130158,use split-specific base input; alter scenario fields only; legal torus points and ordered times; no numerical execution now,same graph/layout/compiled code; match independent oracle,PLANNED,NOT_COMPUTED
n3_r159,HS_n3_b1,RESERVED_CONFIRMATION,interleaved_contexts,29130159,use split-specific base input; alter scenario fields only; legal torus points and ordered times; no numerical execution now,same graph/layout/compiled code; match independent oracle,PLANNED,NOT_COMPUTED
n3_r160,HS_n3_b1,RESERVED_CONFIRMATION,change_k,29130160,use split-specific base input; alter scenario fields only; legal torus points and ordered times; no numerical execution now,same graph/layout/compiled code; match independent oracle,PLANNED,NOT_COMPUTED
n3_r161,HS_n3_b1,RESERVED_CONFIRMATION,change_q,29130161,use split-specific base input; alter scenario fields only; legal torus points and ordered times; no numerical execution now,same graph/layout/compiled code; match independent oracle,PLANNED,NOT_COMPUTED
n3_r162,HS_n3_b1,RESERVED_CONFIRMATION,change_tau,29130162,use split-specific base input; alter scenario fields only; legal torus points and ordered times; no numerical execution now,same graph/layout/compiled code; match independent oracle,PLANNED,NOT_COMPUTED
n3_r163,HS_n3_b1,RESERVED_CONFIRMATION,change_t,29130163,use split-specific base input; alter scenario fields only; legal torus points and ordered times; no numerical execution now,same graph/layout/compiled code; match independent oracle,PLANNED,NOT_COMPUTED
n3_r164,HS_n3_b1,RESERVED_CONFIRMATION,change_omega,29130164,use split-specific base input; alter scenario fields only; legal torus points and ordered times; no numerical execution now,same graph/layout/compiled code; match independent oracle,PLANNED,NOT_COMPUTED
n3_r165,HS_n3_b1,RESERVED_CONFIRMATION,change_g,29130165,use split-specific base input; alter scenario fields only; legal torus points and ordered times; no numerical execution now,same graph/layout/compiled code; match independent oracle,PLANNED,NOT_COMPUTED
n3_r166,HS_n3_b1,RESERVED_CONFIRMATION,g_zero,29130166,use split-specific base input; alter scenario fields only; legal torus points and ordered times; no numerical execution now,same graph/layout/compiled code; match independent oracle,PLANNED,NOT_COMPUTED
n3_r167,HS_n3_b1,RESERVED_CONFIRMATION,joint_parameters,29130167,use split-specific base input; alter scenario fields only; legal torus points and ordered times; no numerical execution now,same graph/layout/compiled code; match independent oracle,PLANNED,NOT_COMPUTED
n3_r168,HS_n3_b1,RESERVED_CONFIRMATION,joint_sample,29130168,use split-specific base input; alter scenario fields only; legal torus points and ordered times; no numerical execution now,same graph/layout/compiled code; match independent oracle,PLANNED,NOT_COMPUTED
n3_r169,HS_n3_b1,RESERVED_CONFIRMATION,repeat_q_then_separate,29130169,use split-specific base input; alter scenario fields only; legal torus points and ordered times; no numerical execution now,same graph/layout/compiled code; match independent oracle,PLANNED,NOT_COMPUTED
n3_r170,HS_n3_b1,RESERVED_CONFIRMATION,repeat_dtau_then_separate,29130170,use split-specific base input; alter scenario fields only; legal torus points and ordered times; no numerical execution now,same graph/layout/compiled code; match independent oracle,PLANNED,NOT_COMPUTED
n3_r171,HS_n3_b1,RESERVED_CONFIRMATION,change_L_analytic,29130171,use split-specific base input; alter scenario fields only; legal torus points and ordered times; no numerical execution now,same graph/layout/compiled code; match independent oracle,PLANNED,NOT_COMPUTED
n3_r172,HS_n3_b1,RESERVED_CONFIRMATION,small_nonzero_g,29130172,use split-specific base input; alter scenario fields only; legal torus points and ordered times; no numerical execution now,same graph/layout/compiled code; match independent oracle,PLANNED,NOT_COMPUTED
n3_r173,HS_n3_b1,RESERVED_CONFIRMATION,longer_legal_intervals,29130173,use split-specific base input; alter scenario fields only; legal torus points and ordered times; no numerical execution now,same graph/layout/compiled code; match independent oracle,PLANNED,NOT_COMPUTED
n3_r174,HS_n3_b1,RESERVED_CONFIRMATION,same_input_repeat,29130174,use split-specific base input; alter scenario fields only; legal torus points and ordered times; no numerical execution now,same graph/layout/compiled code; match independent oracle,PLANNED,NOT_COMPUTED
n3_r175,HS_n3_b1,RESERVED_CONFIRMATION,interleaved_contexts,29130175,use split-specific base input; alter scenario fields only; legal torus points and ordered times; no numerical execution now,same graph/layout/compiled code; match independent oracle,PLANNED,NOT_COMPUTED
n3_r176,HS_n3_b1,RESERVED_CONFIRMATION,change_k,29130176,use split-specific base input; alter scenario fields only; legal torus points and ordered times; no numerical execution now,same graph/layout/compiled code; match independent oracle,PLANNED,NOT_COMPUTED
n3_r177,HS_n3_b1,RESERVED_CONFIRMATION,change_q,29130177,use split-specific base input; alter scenario fields only; legal torus points and ordered times; no numerical execution now,same graph/layout/compiled code; match independent oracle,PLANNED,NOT_COMPUTED
n3_r178,HS_n3_b1,RESERVED_CONFIRMATION,change_tau,29130178,use split-specific base input; alter scenario fields only; legal torus points and ordered times; no numerical execution now,same graph/layout/compiled code; match independent oracle,PLANNED,NOT_COMPUTED
n3_r179,HS_n3_b1,RESERVED_CONFIRMATION,change_t,29130179,use split-specific base input; alter scenario fields only; legal torus points and ordered times; no numerical execution now,same graph/layout/compiled code; match independent oracle,PLANNED,NOT_COMPUTED
n3_r180,HS_n3_b1,RESERVED_CONFIRMATION,change_omega,29130180,use split-specific base input; alter scenario fields only; legal torus points and ordered times; no numerical execution now,same graph/layout/compiled code; match independent oracle,PLANNED,NOT_COMPUTED
n3_r181,HS_n3_b1,RESERVED_CONFIRMATION,change_g,29130181,use split-specific base input; alter scenario fields only; legal torus points and ordered times; no numerical execution now,same graph/layout/compiled code; match independent oracle,PLANNED,NOT_COMPUTED
n3_r182,HS_n3_b1,RESERVED_CONFIRMATION,g_zero,29130182,use split-specific base input; alter scenario fields only; legal torus points and ordered times; no numerical execution now,same graph/layout/compiled code; match independent oracle,PLANNED,NOT_COMPUTED
n3_r183,HS_n3_b1,RESERVED_CONFIRMATION,joint_parameters,29130183,use split-specific base input; alter scenario fields only; legal torus points and ordered times; no numerical execution now,same graph/layout/compiled code; match independent oracle,PLANNED,NOT_COMPUTED
n3_r184,HS_n3_b1,RESERVED_CONFIRMATION,joint_sample,29130184,use split-specific base input; alter scenario fields only; legal torus points and ordered times; no numerical execution now,same graph/layout/compiled code; match independent oracle,PLANNED,NOT_COMPUTED
n3_r185,HS_n3_b1,RESERVED_CONFIRMATION,repeat_q_then_separate,29130185,use split-specific base input; alter scenario fields only; legal torus points and ordered times; no numerical execution now,same graph/layout/compiled code; match independent oracle,PLANNED,NOT_COMPUTED
n3_r186,HS_n3_b1,RESERVED_CONFIRMATION,repeat_dtau_then_separate,29130186,use split-specific base input; alter scenario fields only; legal torus points and ordered times; no numerical execution now,same graph/layout/compiled code; match independent oracle,PLANNED,NOT_COMPUTED
n3_r187,HS_n3_b1,RESERVED_CONFIRMATION,change_L_analytic,29130187,use split-specific base input; alter scenario fields only; legal torus points and ordered times; no numerical execution now,same graph/layout/compiled code; match independent oracle,PLANNED,NOT_COMPUTED
n3_r188,HS_n3_b1,RESERVED_CONFIRMATION,small_nonzero_g,29130188,use split-specific base input; alter scenario fields only; legal torus points and ordered times; no numerical execution now,same graph/layout/compiled code; match independent oracle,PLANNED,NOT_COMPUTED
n3_r189,HS_n3_b1,RESERVED_CONFIRMATION,longer_legal_intervals,29130189,use split-specific base input; alter scenario fields only; legal torus points and ordered times; no numerical execution now,same graph/layout/compiled code; match independent oracle,PLANNED,NOT_COMPUTED
n3_r190,HS_n3_b1,RESERVED_CONFIRMATION,same_input_repeat,29130190,use split-specific base input; alter scenario fields only; legal torus points and ordered times; no numerical execution now,same graph/layout/compiled code; match independent oracle,PLANNED,NOT_COMPUTED
n3_r191,HS_n3_b1,RESERVED_CONFIRMATION,interleaved_contexts,29130191,use split-specific base input; alter scenario fields only; legal torus points and ordered times; no numerical execution now,same graph/layout/compiled code; match independent oracle,PLANNED,NOT_COMPUTED
n3_r192,HS_n3_b1,RESERVED_CONFIRMATION,change_k,29130192,use split-specific base input; alter scenario fields only; legal torus points and ordered times; no numerical execution now,same graph/layout/compiled code; match independent oracle,PLANNED,NOT_COMPUTED
n3_r193,HS_n3_b1,RESERVED_CONFIRMATION,change_q,29130193,use split-specific base input; alter scenario fields only; legal torus points and ordered times; no numerical execution now,same graph/layout/compiled code; match independent oracle,PLANNED,NOT_COMPUTED
n3_r194,HS_n3_b1,RESERVED_CONFIRMATION,change_tau,29130194,use split-specific base input; alter scenario fields only; legal torus points and ordered times; no numerical execution now,same graph/layout/compiled code; match independent oracle,PLANNED,NOT_COMPUTED
n3_r195,HS_n3_b1,RESERVED_CONFIRMATION,change_t,29130195,use split-specific base input; alter scenario fields only; legal torus points and ordered times; no numerical execution now,same graph/layout/compiled code; match independent oracle,PLANNED,NOT_COMPUTED
n3_r196,HS_n3_b1,RESERVED_CONFIRMATION,change_omega,29130196,use split-specific base input; alter scenario fields only; legal torus points and ordered times; no numerical execution now,same graph/layout/compiled code; match independent oracle,PLANNED,NOT_COMPUTED
n3_r197,HS_n3_b1,RESERVED_CONFIRMATION,change_g,29130197,use split-specific base input; alter scenario fields only; legal torus points and ordered times; no numerical execution now,same graph/layout/compiled code; match independent oracle,PLANNED,NOT_COMPUTED
n3_r198,HS_n3_b1,RESERVED_CONFIRMATION,g_zero,29130198,use split-specific base input; alter scenario fields only; legal torus points and ordered times; no numerical execution now,same graph/layout/compiled code; match independent oracle,PLANNED,NOT_COMPUTED
n3_r199,HS_n3_b1,RESERVED_CONFIRMATION,joint_parameters,29130199,use split-specific base input; alter scenario fields only; legal torus points and ordered times; no numerical execution now,same graph/layout/compiled code; match independent oracle,PLANNED,NOT_COMPUTED
n3_r200,HS_n3_b1,RESERVED_CONFIRMATION,joint_sample,29130200,use split-specific base input; alter scenario fields only; legal torus points and ordered times; no numerical execution now,same graph/layout/compiled code; match independent oracle,PLANNED,NOT_COMPUTED
n3_r201,HS_n3_b1,RESERVED_CONFIRMATION,repeat_q_then_separate,29130201,use split-specific base input; alter scenario fields only; legal torus points and ordered times; no numerical execution now,same graph/layout/compiled code; match independent oracle,PLANNED,NOT_COMPUTED
n3_r202,HS_n3_b1,RESERVED_CONFIRMATION,repeat_dtau_then_separate,29130202,use split-specific base input; alter scenario fields only; legal torus points and ordered times; no numerical execution now,same graph/layout/compiled code; match independent oracle,PLANNED,NOT_COMPUTED
n3_r203,HS_n3_b1,RESERVED_CONFIRMATION,change_L_analytic,29130203,use split-specific base input; alter scenario fields only; legal torus points and ordered times; no numerical execution now,same graph/layout/compiled code; match independent oracle,PLANNED,NOT_COMPUTED
n3_r204,HS_n3_b1,RESERVED_CONFIRMATION,small_nonzero_g,29130204,use split-specific base input; alter scenario fields only; legal torus points and ordered times; no numerical execution now,same graph/layout/compiled code; match independent oracle,PLANNED,NOT_COMPUTED
n3_r205,HS_n3_b1,RESERVED_CONFIRMATION,longer_legal_intervals,29130205,use split-specific base input; alter scenario fields only; legal torus points and ordered times; no numerical execution now,same graph/layout/compiled code; match independent oracle,PLANNED,NOT_COMPUTED
n3_r206,HS_n3_b1,RESERVED_CONFIRMATION,same_input_repeat,29130206,use split-specific base input; alter scenario fields only; legal torus points and ordered times; no numerical execution now,same graph/layout/compiled code; match independent oracle,PLANNED,NOT_COMPUTED
n3_r207,HS_n3_b1,RESERVED_CONFIRMATION,interleaved_contexts,29130207,use split-specific base input; alter scenario fields only; legal torus points and ordered times; no numerical execution now,same graph/layout/compiled code; match independent oracle,PLANNED,NOT_COMPUTED
n3_r208,HS_n3_b1,RESERVED_CONFIRMATION,change_k,29130208,use split-specific base input; alter scenario fields only; legal torus points and ordered times; no numerical execution now,same graph/layout/compiled code; match independent oracle,PLANNED,NOT_COMPUTED
n3_r209,HS_n3_b1,RESERVED_CONFIRMATION,change_q,29130209,use split-specific base input; alter scenario fields only; legal torus points and ordered times; no numerical execution now,same graph/layout/compiled code; match independent oracle,PLANNED,NOT_COMPUTED
n3_r210,HS_n3_b1,RESERVED_CONFIRMATION,change_tau,29130210,use split-specific base input; alter scenario fields only; legal torus points and ordered times; no numerical execution now,same graph/layout/compiled code; match independent oracle,PLANNED,NOT_COMPUTED
n3_r211,HS_n3_b1,RESERVED_CONFIRMATION,change_t,29130211,use split-specific base input; alter scenario fields only; legal torus points and ordered times; no numerical execution now,same graph/layout/compiled code; match independent oracle,PLANNED,NOT_COMPUTED
n3_r212,HS_n3_b1,RESERVED_CONFIRMATION,change_omega,29130212,use split-specific base input; alter scenario fields only; legal torus points and ordered times; no numerical execution now,same graph/layout/compiled code; match independent oracle,PLANNED,NOT_COMPUTED
n3_r213,HS_n3_b1,RESERVED_CONFIRMATION,change_g,29130213,use split-specific base input; alter scenario fields only; legal torus points and ordered times; no numerical execution now,same graph/layout/compiled code; match independent oracle,PLANNED,NOT_COMPUTED
n3_r214,HS_n3_b1,RESERVED_CONFIRMATION,g_zero,29130214,use split-specific base input; alter scenario fields only; legal torus points and ordered times; no numerical execution now,same graph/layout/compiled code; match independent oracle,PLANNED,NOT_COMPUTED
n3_r215,HS_n3_b1,RESERVED_CONFIRMATION,joint_parameters,29130215,use split-specific base input; alter scenario fields only; legal torus points and ordered times; no numerical execution now,same graph/layout/compiled code; match independent oracle,PLANNED,NOT_COMPUTED
n3_r216,HS_n3_b1,RESERVED_CONFIRMATION,joint_sample,29130216,use split-specific base input; alter scenario fields only; legal torus points and ordered times; no numerical execution now,same graph/layout/compiled code; match independent oracle,PLANNED,NOT_COMPUTED
n3_r217,HS_n3_b1,RESERVED_CONFIRMATION,repeat_q_then_separate,29130217,use split-specific base input; alter scenario fields only; legal torus points and ordered times; no numerical execution now,same graph/layout/compiled code; match independent oracle,PLANNED,NOT_COMPUTED
n3_r218,HS_n3_b1,RESERVED_CONFIRMATION,repeat_dtau_then_separate,29130218,use split-specific base input; alter scenario fields only; legal torus points and ordered times; no numerical execution now,same graph/layout/compiled code; match independent oracle,PLANNED,NOT_COMPUTED
n3_r219,HS_n3_b1,RESERVED_CONFIRMATION,change_L_analytic,29130219,use split-specific base input; alter scenario fields only; legal torus points and ordered times; no numerical execution now,same graph/layout/compiled code; match independent oracle,PLANNED,NOT_COMPUTED
n3_r220,HS_n3_b1,RESERVED_CONFIRMATION,small_nonzero_g,29130220,use split-specific base input; alter scenario fields only; legal torus points and ordered times; no numerical execution now,same graph/layout/compiled code; match independent oracle,PLANNED,NOT_COMPUTED
n3_r221,HS_n3_b1,RESERVED_CONFIRMATION,longer_legal_intervals,29130221,use split-specific base input; alter scenario fields only; legal torus points and ordered times; no numerical execution now,same graph/layout/compiled code; match independent oracle,PLANNED,NOT_COMPUTED
n3_r222,HS_n3_b1,RESERVED_CONFIRMATION,same_input_repeat,29130222,use split-specific base input; alter scenario fields only; legal torus points and ordered times; no numerical execution now,same graph/layout/compiled code; match independent oracle,PLANNED,NOT_COMPUTED
n3_r223,HS_n3_b1,RESERVED_CONFIRMATION,interleaved_contexts,29130223,use split-specific base input; alter scenario fields only; legal torus points and ordered times; no numerical execution now,same graph/layout/compiled code; match independent oracle,PLANNED,NOT_COMPUTED
n3_r224,HS_n3_b1,RESERVED_CONFIRMATION,change_k,29130224,use split-specific base input; alter scenario fields only; legal torus points and ordered times; no numerical execution now,same graph/layout/compiled code; match independent oracle,PLANNED,NOT_COMPUTED
n3_r225,HS_n3_b1,RESERVED_CONFIRMATION,change_q,29130225,use split-specific base input; alter scenario fields only; legal torus points and ordered times; no numerical execution now,same graph/layout/compiled code; match independent oracle,PLANNED,NOT_COMPUTED
n3_r226,HS_n3_b1,RESERVED_CONFIRMATION,change_tau,29130226,use split-specific base input; alter scenario fields only; legal torus points and ordered times; no numerical execution now,same graph/layout/compiled code; match independent oracle,PLANNED,NOT_COMPUTED
n3_r227,HS_n3_b1,RESERVED_CONFIRMATION,change_t,29130227,use split-specific base input; alter scenario fields only; legal torus points and ordered times; no numerical execution now,same graph/layout/compiled code; match independent oracle,PLANNED,NOT_COMPUTED
n3_r228,HS_n3_b1,RESERVED_CONFIRMATION,change_omega,29130228,use split-specific base input; alter scenario fields only; legal torus points and ordered times; no numerical execution now,same graph/layout/compiled code; match independent oracle,PLANNED,NOT_COMPUTED
n3_r229,HS_n3_b1,RESERVED_CONFIRMATION,change_g,29130229,use split-specific base input; alter scenario fields only; legal torus points and ordered times; no numerical execution now,same graph/layout/compiled code; match independent oracle,PLANNED,NOT_COMPUTED
n3_r230,HS_n3_b1,RESERVED_CONFIRMATION,g_zero,29130230,use split-specific base input; alter scenario fields only; legal torus points and ordered times; no numerical execution now,same graph/layout/compiled code; match independent oracle,PLANNED,NOT_COMPUTED
n3_r231,HS_n3_b1,RESERVED_CONFIRMATION,joint_parameters,29130231,use split-specific base input; alter scenario fields only; legal torus points and ordered times; no numerical execution now,same graph/layout/compiled code; match independent oracle,PLANNED,NOT_COMPUTED
n3_r232,HS_n3_b1,RESERVED_CONFIRMATION,joint_sample,29130232,use split-specific base input; alter scenario fields only; legal torus points and ordered times; no numerical execution now,same graph/layout/compiled code; match independent oracle,PLANNED,NOT_COMPUTED
n3_r233,HS_n3_b1,RESERVED_CONFIRMATION,repeat_q_then_separate,29130233,use split-specific base input; alter scenario fields only; legal torus points and ordered times; no numerical execution now,same graph/layout/compiled code; match independent oracle,PLANNED,NOT_COMPUTED
n3_r234,HS_n3_b1,RESERVED_CONFIRMATION,repeat_dtau_then_separate,29130234,use split-specific base input; alter scenario fields only; legal torus points and ordered times; no numerical execution now,same graph/layout/compiled code; match independent oracle,PLANNED,NOT_COMPUTED
n3_r235,HS_n3_b1,RESERVED_CONFIRMATION,change_L_analytic,29130235,use split-specific base input; alter scenario fields only; legal torus points and ordered times; no numerical execution now,same graph/layout/compiled code; match independent oracle,PLANNED,NOT_COMPUTED
n3_r236,HS_n3_b1,RESERVED_CONFIRMATION,small_nonzero_g,29130236,use split-specific base input; alter scenario fields only; legal torus points and ordered times; no numerical execution now,same graph/layout/compiled code; match independent oracle,PLANNED,NOT_COMPUTED
n3_r237,HS_n3_b1,RESERVED_CONFIRMATION,longer_legal_intervals,29130237,use split-specific base input; alter scenario fields only; legal torus points and ordered times; no numerical execution now,same graph/layout/compiled code; match independent oracle,PLANNED,NOT_COMPUTED
n3_r238,HS_n3_b1,RESERVED_CONFIRMATION,same_input_repeat,29130238,use split-specific base input; alter scenario fields only; legal torus points and ordered times; no numerical execution now,same graph/layout/compiled code; match independent oracle,PLANNED,NOT_COMPUTED
n3_r239,HS_n3_b1,RESERVED_CONFIRMATION,interleaved_contexts,29130239,use split-specific base input; alter scenario fields only; legal torus points and ordered times; no numerical execution now,same graph/layout/compiled code; match independent oracle,PLANNED,NOT_COMPUTED
n3_r240,HS_n3_b1,RESERVED_CONFIRMATION,change_k,29130240,use split-specific base input; alter scenario fields only; legal torus points and ordered times; no numerical execution now,same graph/layout/compiled code; match independent oracle,PLANNED,NOT_COMPUTED
n3_r241,HS_n3_b1,RESERVED_CONFIRMATION,change_q,29130241,use split-specific base input; alter scenario fields only; legal torus points and ordered times; no numerical execution now,same graph/layout/compiled code; match independent oracle,PLANNED,NOT_COMPUTED
n3_r242,HS_n3_b1,RESERVED_CONFIRMATION,change_tau,29130242,use split-specific base input; alter scenario fields only; legal torus points and ordered times; no numerical execution now,same graph/layout/compiled code; match independent oracle,PLANNED,NOT_COMPUTED
n3_r243,HS_n3_b1,RESERVED_CONFIRMATION,change_t,29130243,use split-specific base input; alter scenario fields only; legal torus points and ordered times; no numerical execution now,same graph/layout/compiled code; match independent oracle,PLANNED,NOT_COMPUTED
n3_r244,HS_n3_b1,RESERVED_CONFIRMATION,change_omega,29130244,use split-specific base input; alter scenario fields only; legal torus points and ordered times; no numerical execution now,same graph/layout/compiled code; match independent oracle,PLANNED,NOT_COMPUTED
n3_r245,HS_n3_b1,RESERVED_CONFIRMATION,change_g,29130245,use split-specific base input; alter scenario fields only; legal torus points and ordered times; no numerical execution now,same graph/layout/compiled code; match independent oracle,PLANNED,NOT_COMPUTED
n3_r246,HS_n3_b1,RESERVED_CONFIRMATION,g_zero,29130246,use split-specific base input; alter scenario fields only; legal torus points and ordered times; no numerical execution now,same graph/layout/compiled code; match independent oracle,PLANNED,NOT_COMPUTED
n3_r247,HS_n3_b1,RESERVED_CONFIRMATION,joint_parameters,29130247,use split-specific base input; alter scenario fields only; legal torus points and ordered times; no numerical execution now,same graph/layout/compiled code; match independent oracle,PLANNED,NOT_COMPUTED
n3_r248,HS_n3_b1,RESERVED_CONFIRMATION,joint_sample,29130248,use split-specific base input; alter scenario fields only; legal torus points and ordered times; no numerical execution now,same graph/layout/compiled code; match independent oracle,PLANNED,NOT_COMPUTED
n3_r249,HS_n3_b1,RESERVED_CONFIRMATION,repeat_q_then_separate,29130249,use split-specific base input; alter scenario fields only; legal torus points and ordered times; no numerical execution now,same graph/layout/compiled code; match independent oracle,PLANNED,NOT_COMPUTED
n3_r250,HS_n3_b1,RESERVED_CONFIRMATION,repeat_dtau_then_separate,29130250,use split-specific base input; alter scenario fields only; legal torus points and ordered times; no numerical execution now,same graph/layout/compiled code; match independent oracle,PLANNED,NOT_COMPUTED
n3_r251,HS_n3_b1,RESERVED_CONFIRMATION,change_L_analytic,29130251,use split-specific base input; alter scenario fields only; legal torus points and ordered times; no numerical execution now,same graph/layout/compiled code; match independent oracle,PLANNED,NOT_COMPUTED
n3_r252,HS_n3_b1,RESERVED_CONFIRMATION,small_nonzero_g,29130252,use split-specific base input; alter scenario fields only; legal torus points and ordered times; no numerical execution now,same graph/layout/compiled code; match independent oracle,PLANNED,NOT_COMPUTED
n3_r253,HS_n3_b1,RESERVED_CONFIRMATION,longer_legal_intervals,29130253,use split-specific base input; alter scenario fields only; legal torus points and ordered times; no numerical execution now,same graph/layout/compiled code; match independent oracle,PLANNED,NOT_COMPUTED
n3_r254,HS_n3_b1,RESERVED_CONFIRMATION,same_input_repeat,29130254,use split-specific base input; alter scenario fields only; legal torus points and ordered times; no numerical execution now,same graph/layout/compiled code; match independent oracle,PLANNED,NOT_COMPUTED
n3_r255,HS_n3_b1,RESERVED_CONFIRMATION,interleaved_contexts,29130255,use split-specific base input; alter scenario fields only; legal torus points and ordered times; no numerical execution now,same graph/layout/compiled code; match independent oracle,PLANNED,NOT_COMPUTED
