g_over_t,omega_over_t,depth,E0,abs_D,n_crossings,sigma_diag_re,sigma_diag_im,rel_sigma_diag,rel_sigma_l2,note
0.15,0.5,0,-0.023957948465816996,0.0001041528525040116,1,-0.024999999098765466,-4.555555375528127e-06,,,week3_scan;z_diag=0+i*eta;origin=xi_k=2t(1-cos k);E0_Born_VC=NOT_COMPUTED;no_train
0.15,0.5,1,-0.024497458740893964,0.00010440761453493838,1,-0.025631879217689082,-4.865364788565159e-06,0.024652120826689126,0.032642126763931065,week3_scan;z_diag=0+i*eta;origin=xi_k=2t(1-cos k);E0_Born_VC=NOT_COMPUTED;no_train
0.15,0.5,2,-0.024501887593912863,0.00010441048300105301,1,-0.02563730151419872,-4.868961555522383e-06,0.00021150032509340222,0.00040212496768604155,week3_scan;z_diag=0+i*eta;origin=xi_k=2t(1-cos k);E0_Born_VC=NOT_COMPUTED;no_train
0.15,0.5,3,-0.024501906037504996,0.00010441049710938321,1,-0.02563732473082409,-4.868979606253972e-06,9.055793539665332e-07,2.1985086322941802e-06,week3_scan;z_diag=0+i*eta;origin=xi_k=2t(1-cos k);E0_Born_VC=NOT_COMPUTED;no_train
0.15,0.5,4,-0.02450190608475506,0.00010441049714970717,1,-0.02563732479156554,-4.868979658681235e-06,2.36925935479365e-09,6.925455868002903e-09,week3_scan;z_diag=0+i*eta;origin=xi_k=2t(1-cos k);E0_Born_VC=NOT_COMPUTED;no_train
0.15,0.5,5,-0.024501906084842373,0.00010441049714978377,1,-0.025637324791673983,-4.868979658782261e-06,4.2299479122962985e-12,1.4359835765379362e-11,week3_scan;z_diag=0+i*eta;origin=xi_k=2t(1-cos k);E0_Born_VC=NOT_COMPUTED;no_train
0.15,0.5,6,-0.024501906084842373,0.00010441049714978388,1,-0.02563732479167412,-4.868979658782401e-06,5.413121184757979e-15,2.1261606040689812e-14,week3_scan;z_diag=0+i*eta;origin=xi_k=2t(1-cos k);E0_Born_VC=NOT_COMPUTED;no_train
0.15,0.5,7,-0.024501906084842373,0.00010441049714978388,1,-0.02563732479167412,-4.868979658782402e-06,3.3039052976919436e-20,5.625052064753987e-17,week3_scan;z_diag=0+i*eta;origin=xi_k=2t(1-cos k);E0_Born_VC=NOT_COMPUTED;no_train
0.15,0.5,8,-0.024501906084842373,0.00010441049714978388,1,-0.02563732479167412,-4.868979658782402e-06,0.0,0.0,week3_scan;z_diag=0+i*eta;origin=xi_k=2t(1-cos k);E0_Born_VC=NOT_COMPUTED;no_train
0.15,0.5,9,-0.024501906084842373,0.00010441049714978388,1,-0.02563732479167412,-4.868979658782402e-06,0.0,0.0,week3_scan;z_diag=0+i*eta;origin=xi_k=2t(1-cos k);E0_Born_VC=NOT_COMPUTED;no_train
0.15,0.5,10,-0.024501906084842373,0.00010441049714978388,1,-0.02563732479167412,-4.868979658782402e-06,0.0,0.0,week3_scan;z_diag=0+i*eta;origin=xi_k=2t(1-cos k);E0_Born_VC=NOT_COMPUTED;no_train
0.15,0.5,11,-0.024501906084842373,0.00010441049714978388,1,-0.02563732479167412,-4.868979658782402e-06,0.0,0.0,week3_scan;z_diag=0+i*eta;origin=xi_k=2t(1-cos k);E0_Born_VC=NOT_COMPUTED;no_train
0.15,0.5,12,-0.024501906084842373,0.00010441049714978388,1,-0.02563732479167412,-4.868979658782402e-06,0.0,0.0,week3_scan;z_diag=0+i*eta;origin=xi_k=2t(1-cos k);E0_Born_VC=NOT_COMPUTED;no_train
0.15,0.5,13,-0.024501906084842373,0.00010441049714978388,1,-0.02563732479167412,-4.868979658782402e-06,0.0,0.0,week3_scan;z_diag=0+i*eta;origin=xi_k=2t(1-cos k);E0_Born_VC=NOT_COMPUTED;no_train
0.15,0.5,14,-0.024501906084842373,0.00010441049714978388,1,-0.02563732479167412,-4.868979658782402e-06,0.0,0.0,week3_scan;z_diag=0+i*eta;origin=xi_k=2t(1-cos k);E0_Born_VC=NOT_COMPUTED;no_train
0.15,0.5,15,-0.024501906084842373,0.00010441049714978388,1,-0.02563732479167412,-4.868979658782402e-06,0.0,0.0,week3_scan;z_diag=0+i*eta;origin=xi_k=2t(1-cos k);E0_Born_VC=NOT_COMPUTED;no_train
0.15,0.5,16,-0.024501906084842373,0.00010441049714978388,1,-0.02563732479167412,-4.868979658782402e-06,0.0,0.0,week3_scan;z_diag=0+i*eta;origin=xi_k=2t(1-cos k);E0_Born_VC=NOT_COMPUTED;no_train
0.15,0.5,17,-0.024501906084842373,0.00010441049714978388,1,-0.02563732479167412,-4.868979658782402e-06,0.0,0.0,week3_scan;z_diag=0+i*eta;origin=xi_k=2t(1-cos k);E0_Born_VC=NOT_COMPUTED;no_train
0.15,0.5,18,-0.024501906084842373,0.00010441049714978388,1,-0.02563732479167412,-4.868979658782402e-06,0.0,0.0,week3_scan;z_diag=0+i*eta;origin=xi_k=2t(1-cos k);E0_Born_VC=NOT_COMPUTED;no_train
0.15,0.5,19,-0.024501906084842373,0.00010441049714978388,1,-0.02563732479167412,-4.868979658782402e-06,0.0,0.0,week3_scan;z_diag=0+i*eta;origin=xi_k=2t(1-cos k);E0_Born_VC=NOT_COMPUTED;no_train
0.15,0.5,20,-0.024501906084842373,0.00010441049714978388,1,-0.02563732479167412,-4.868979658782402e-06,0.0,0.0,week3_scan;z_diag=0+i*eta;origin=xi_k=2t(1-cos k);E0_Born_VC=NOT_COMPUTED;no_train
0.15,0.5,21,-0.024501906084842373,0.00010441049714978388,1,-0.02563732479167412,-4.868979658782402e-06,0.0,0.0,week3_scan;z_diag=0+i*eta;origin=xi_k=2t(1-cos k);E0_Born_VC=NOT_COMPUTED;no_train
0.15,0.5,22,-0.024501906084842373,0.00010441049714978388,1,-0.02563732479167412,-4.868979658782402e-06,0.0,0.0,week3_scan;z_diag=0+i*eta;origin=xi_k=2t(1-cos k);E0_Born_VC=NOT_COMPUTED;no_train
0.15,0.5,23,-0.024501906084842373,0.00010441049714978388,1,-0.02563732479167412,-4.868979658782402e-06,0.0,0.0,week3_scan;z_diag=0+i*eta;origin=xi_k=2t(1-cos k);E0_Born_VC=NOT_COMPUTED;no_train
0.15,0.5,24,-0.024501906084842373,0.00010441049714978388,1,-0.02563732479167412,-4.868979658782402e-06,0.0,0.0,week3_scan;z_diag=0+i*eta;origin=xi_k=2t(1-cos k);E0_Born_VC=NOT_COMPUTED;no_train
0.15,0.5,25,-0.024501906084842373,0.00010441049714978388,1,-0.02563732479167412,-4.868979658782402e-06,0.0,0.0,week3_scan;z_diag=0+i*eta;origin=xi_k=2t(1-cos k);E0_Born_VC=NOT_COMPUTED;no_train
0.15,0.5,26,-0.024501906084842373,0.00010441049714978388,1,-0.02563732479167412,-4.868979658782402e-06,0.0,0.0,week3_scan;z_diag=0+i*eta;origin=xi_k=2t(1-cos k);E0_Born_VC=NOT_COMPUTED;no_train
0.15,0.5,27,-0.024501906084842373,0.00010441049714978388,1,-0.02563732479167412,-4.868979658782402e-06,0.0,0.0,week3_scan;z_diag=0+i*eta;origin=xi_k=2t(1-cos k);E0_Born_VC=NOT_COMPUTED;no_train
0.15,0.5,28,-0.024501906084842373,0.00010441049714978388,1,-0.02563732479167412,-4.868979658782402e-06,0.0,0.0,week3_scan;z_diag=0+i*eta;origin=xi_k=2t(1-cos k);E0_Born_VC=NOT_COMPUTED;no_train
0.15,0.5,29,-0.024501906084842373,0.00010441049714978388,1,-0.02563732479167412,-4.868979658782402e-06,0.0,0.0,week3_scan;z_diag=0+i*eta;origin=xi_k=2t(1-cos k);E0_Born_VC=NOT_COMPUTED;no_train
0.15,0.5,30,-0.024501906084842373,0.00010441049714978388,1,-0.02563732479167412,-4.868979658782402e-06,0.0,0.0,week3_scan;z_diag=0+i*eta;origin=xi_k=2t(1-cos k);E0_Born_VC=NOT_COMPUTED;no_train
0.15,0.5,31,-0.024501906084842373,0.00010441049714978388,1,-0.02563732479167412,-4.868979658782402e-06,0.0,0.0,week3_scan;z_diag=0+i*eta;origin=xi_k=2t(1-cos k);E0_Born_VC=NOT_COMPUTED;no_train
0.15,0.5,32,-0.024501906084842373,0.00010441049714978388,1,-0.02563732479167412,-4.868979658782402e-06,0.0,0.0,week3_scan;z_diag=0+i*eta;origin=xi_k=2t(1-cos k);E0_Born_VC=NOT_COMPUTED;no_train
0.15,0.5,33,-0.024501906084842373,0.00010441049714978388,1,-0.02563732479167412,-4.868979658782402e-06,0.0,0.0,week3_scan;z_diag=0+i*eta;origin=xi_k=2t(1-cos k);E0_Born_VC=NOT_COMPUTED;no_train
0.15,0.5,34,-0.024501906084842373,0.00010441049714978388,1,-0.02563732479167412,-4.868979658782402e-06,0.0,0.0,week3_scan;z_diag=0+i*eta;origin=xi_k=2t(1-cos k);E0_Born_VC=NOT_COMPUTED;no_train
0.15,0.5,35,-0.024501906084842373,0.00010441049714978388,1,-0.02563732479167412,-4.868979658782402e-06,0.0,0.0,week3_scan;z_diag=0+i*eta;origin=xi_k=2t(1-cos k);E0_Born_VC=NOT_COMPUTED;no_train
0.15,0.5,36,-0.024501906084842373,0.00010441049714978388,1,-0.02563732479167412,-4.868979658782402e-06,0.0,0.0,week3_scan;z_diag=0+i*eta;origin=xi_k=2t(1-cos k);E0_Born_VC=NOT_COMPUTED;no_train
0.15,0.5,37,-0.024501906084842373,0.00010441049714978388,1,-0.02563732479167412,-4.868979658782402e-06,0.0,0.0,week3_scan;z_diag=0+i*eta;origin=xi_k=2t(1-cos k);E0_Born_VC=NOT_COMPUTED;no_train
0.15,0.5,38,-0.024501906084842373,0.00010441049714978388,1,-0.02563732479167412,-4.868979658782402e-06,0.0,0.0,week3_scan;z_diag=0+i*eta;origin=xi_k=2t(1-cos k);E0_Born_VC=NOT_COMPUTED;no_train
0.15,0.5,39,-0.024501906084842373,0.00010441049714978388,1,-0.02563732479167412,-4.868979658782402e-06,0.0,0.0,week3_scan;z_diag=0+i*eta;origin=xi_k=2t(1-cos k);E0_Born_VC=NOT_COMPUTED;no_train
0.15,0.5,40,-0.024501906084842373,0.00010441049714978388,1,-0.02563732479167412,-4.868979658782402e-06,0.0,0.0,week3_scan;z_diag=0+i*eta;origin=xi_k=2t(1-cos k);E0_Born_VC=NOT_COMPUTED;no_train
0.15,0.5,41,-0.024501906084842373,0.00010441049714978388,1,-0.02563732479167412,-4.868979658782402e-06,0.0,0.0,week3_scan;z_diag=0+i*eta;origin=xi_k=2t(1-cos k);E0_Born_VC=NOT_COMPUTED;no_train
0.15,0.5,42,-0.024501906084842373,0.00010441049714978388,1,-0.02563732479167412,-4.868979658782402e-06,0.0,0.0,week3_scan;z_diag=0+i*eta;origin=xi_k=2t(1-cos k);E0_Born_VC=NOT_COMPUTED;no_train
0.15,0.5,43,-0.024501906084842373,0.00010441049714978388,1,-0.02563732479167412,-4.868979658782402e-06,0.0,0.0,week3_scan;z_diag=0+i*eta;origin=xi_k=2t(1-cos k);E0_Born_VC=NOT_COMPUTED;no_train
0.15,0.5,44,-0.024501906084842373,0.00010441049714978388,1,-0.02563732479167412,-4.868979658782402e-06,0.0,0.0,week3_scan;z_diag=0+i*eta;origin=xi_k=2t(1-cos k);E0_Born_VC=NOT_COMPUTED;no_train
0.15,0.5,45,-0.024501906084842373,0.00010441049714978388,1,-0.02563732479167412,-4.868979658782402e-06,0.0,0.0,week3_scan;z_diag=0+i*eta;origin=xi_k=2t(1-cos k);E0_Born_VC=NOT_COMPUTED;no_train
0.15,0.5,46,-0.024501906084842373,0.00010441049714978388,1,-0.02563732479167412,-4.868979658782402e-06,0.0,0.0,week3_scan;z_diag=0+i*eta;origin=xi_k=2t(1-cos k);E0_Born_VC=NOT_COMPUTED;no_train
0.15,0.5,47,-0.024501906084842373,0.00010441049714978388,1,-0.02563732479167412,-4.868979658782402e-06,0.0,0.0,week3_scan;z_diag=0+i*eta;origin=xi_k=2t(1-cos k);E0_Born_VC=NOT_COMPUTED;no_train
0.15,0.5,48,-0.024501906084842373,0.00010441049714978388,1,-0.02563732479167412,-4.868979658782402e-06,0.0,0.0,week3_scan;z_diag=0+i*eta;origin=xi_k=2t(1-cos k);E0_Born_VC=NOT_COMPUTED;no_train
0.15,0.5,49,-0.024501906084842373,0.00010441049714978388,1,-0.02563732479167412,-4.868979658782402e-06,0.0,0.0,week3_scan;z_diag=0+i*eta;origin=xi_k=2t(1-cos k);E0_Born_VC=NOT_COMPUTED;no_train
0.15,0.5,50,-0.024501906084842373,0.00010441049714978388,1,-0.02563732479167412,-4.868979658782402e-06,0.0,0.0,week3_scan;z_diag=0+i*eta;origin=xi_k=2t(1-cos k);E0_Born_VC=NOT_COMPUTED;no_train
0.15,0.5,51,-0.024501906084842373,0.00010441049714978388,1,-0.02563732479167412,-4.868979658782402e-06,0.0,0.0,week3_scan;z_diag=0+i*eta;origin=xi_k=2t(1-cos k);E0_Born_VC=NOT_COMPUTED;no_train
0.15,0.5,52,-0.024501906084842373,0.00010441049714978388,1,-0.02563732479167412,-4.868979658782402e-06,0.0,0.0,week3_scan;z_diag=0+i*eta;origin=xi_k=2t(1-cos k);E0_Born_VC=NOT_COMPUTED;no_train
0.15,0.5,53,-0.024501906084842373,0.00010441049714978388,1,-0.02563732479167412,-4.868979658782402e-06,0.0,0.0,week3_scan;z_diag=0+i*eta;origin=xi_k=2t(1-cos k);E0_Born_VC=NOT_COMPUTED;no_train
0.15,0.5,54,-0.024501906084842373,0.00010441049714978388,1,-0.02563732479167412,-4.868979658782402e-06,0.0,0.0,week3_scan;z_diag=0+i*eta;origin=xi_k=2t(1-cos k);E0_Born_VC=NOT_COMPUTED;no_train
0.15,0.5,55,-0.024501906084842373,0.00010441049714978388,1,-0.02563732479167412,-4.868979658782402e-06,0.0,0.0,week3_scan;z_diag=0+i*eta;origin=xi_k=2t(1-cos k);E0_Born_VC=NOT_COMPUTED;no_train
0.15,0.5,56,-0.024501906084842373,0.00010441049714978388,1,-0.02563732479167412,-4.868979658782402e-06,0.0,0.0,week3_scan;z_diag=0+i*eta;origin=xi_k=2t(1-cos k);E0_Born_VC=NOT_COMPUTED;no_train
0.15,0.5,57,-0.024501906084842373,0.00010441049714978388,1,-0.02563732479167412,-4.868979658782402e-06,0.0,0.0,week3_scan;z_diag=0+i*eta;origin=xi_k=2t(1-cos k);E0_Born_VC=NOT_COMPUTED;no_train
0.15,0.5,58,-0.024501906084842373,0.00010441049714978388,1,-0.02563732479167412,-4.868979658782402e-06,0.0,0.0,week3_scan;z_diag=0+i*eta;origin=xi_k=2t(1-cos k);E0_Born_VC=NOT_COMPUTED;no_train
0.15,0.5,59,-0.024501906084842373,0.00010441049714978388,1,-0.02563732479167412,-4.868979658782402e-06,0.0,0.0,week3_scan;z_diag=0+i*eta;origin=xi_k=2t(1-cos k);E0_Born_VC=NOT_COMPUTED;no_train
0.15,0.5,60,-0.024501906084842373,0.00010441049714978388,1,-0.02563732479167412,-4.868979658782402e-06,0.0,0.0,week3_scan;z_diag=0+i*eta;origin=xi_k=2t(1-cos k);E0_Born_VC=NOT_COMPUTED;no_train
0.15,0.5,61,-0.024501906084842373,0.00010441049714978388,1,-0.02563732479167412,-4.868979658782402e-06,0.0,0.0,week3_scan;z_diag=0+i*eta;origin=xi_k=2t(1-cos k);E0_Born_VC=NOT_COMPUTED;no_train
0.15,0.5,62,-0.024501906084842373,0.00010441049714978388,1,-0.02563732479167412,-4.868979658782402e-06,0.0,0.0,week3_scan;z_diag=0+i*eta;origin=xi_k=2t(1-cos k);E0_Born_VC=NOT_COMPUTED;no_train
0.15,0.5,63,-0.024501906084842373,0.00010441049714978388,1,-0.02563732479167412,-4.868979658782402e-06,0.0,0.0,week3_scan;z_diag=0+i*eta;origin=xi_k=2t(1-cos k);E0_Born_VC=NOT_COMPUTED;no_train
0.15,0.5,64,-0.024501906084842373,0.00010441049714978388,1,-0.02563732479167412,-4.868979658782402e-06,0.0,0.0,week3_scan;z_diag=0+i*eta;origin=xi_k=2t(1-cos k);E0_Born_VC=NOT_COMPUTED;no_train
0.15,0.8,0,-0.016120631607613123,0.00010173755683510146,1,-0.01640624977925619,-1.8066405975129873e-06,,,week3_scan;z_diag=0+i*eta;origin=xi_k=2t(1-cos k);E0_Born_VC=NOT_COMPUTED;no_train
0.15,0.8,1,-0.016275321917899276,0.00010178307170664054,1,-0.016571397872176742,-1.8560164789490288e-06,0.009965852038541119,0.008238069697153025,week3_scan;z_diag=0+i*eta;origin=xi_k=2t(1-cos k);E0_Born_VC=NOT_COMPUTED;no_train
0.15,0.8,2,-0.01627584504420506,0.00010178327971245125,1,-0.016571965983938685,-1.8562446629800223e-06,3.428149712321391e-05,3.177156590906515e-05,week3_scan;z_diag=0+i*eta;origin=xi_k=2t(1-cos k);E0_Born_VC=NOT_COMPUTED;no_train
0.15,0.8,3,-0.01627584595751236,0.00010178328013912751,1,-0.016571966986921333,-1.856245134827204e-06,6.052285487970142e-08,6.203326783305387e-08,week3_scan;z_diag=0+i*eta;origin=xi_k=2t(1-cos k);E0_Born_VC=NOT_COMPUTED;no_train
0.15,0.8,4,-0.016275845958501886,0.00010178328013964363,1,-0.01657196698802106,-1.8562451354016425e-06,6.63607459222773e-11,7.394562816162892e-11,week3_scan;z_diag=0+i*eta;origin=xi_k=2t(1-cos k);E0_Born_VC=NOT_COMPUTED;no_train
0.15,0.8,5,-0.016275845958501886,0.00010178328013964405,1,-0.016571966988021894,-1.856245135402112e-06,5.0245537913096397e-14,6.001138347806171e-14,week3_scan;z_diag=0+i*eta;origin=xi_k=2t(1-cos k);E0_Born_VC=NOT_COMPUTED;no_train
0.15,0.8,6,-0.016275845958501886,0.00010178328013964405,1,-0.016571966988021894,-1.8562451354021122e-06,1.2778099041484956e-20,6.380173824173034e-17,week3_scan;z_diag=0+i*eta;origin=xi_k=2t(1-cos k);E0_Born_VC=NOT_COMPUTED;no_train
0.15,0.8,7,-0.016275845958501886,0.00010178328013964405,1,-0.016571966988021894,-1.8562451354021122e-06,0.0,0.0,week3_scan;z_diag=0+i*eta;origin=xi_k=2t(1-cos k);E0_Born_VC=NOT_COMPUTED;no_train
0.15,0.8,8,-0.016275845958501886,0.00010178328013964405,1,-0.016571966988021894,-1.8562451354021122e-06,0.0,0.0,week3_scan;z_diag=0+i*eta;origin=xi_k=2t(1-cos k);E0_Born_VC=NOT_COMPUTED;no_train
0.15,0.8,9,-0.016275845958501886,0.00010178328013964405,1,-0.016571966988021894,-1.8562451354021122e-06,0.0,0.0,week3_scan;z_diag=0+i*eta;origin=xi_k=2t(1-cos k);E0_Born_VC=NOT_COMPUTED;no_train
0.15,0.8,10,-0.016275845958501886,0.00010178328013964405,1,-0.016571966988021894,-1.8562451354021122e-06,0.0,0.0,week3_scan;z_diag=0+i*eta;origin=xi_k=2t(1-cos k);E0_Born_VC=NOT_COMPUTED;no_train
0.15,0.8,11,-0.016275845958501886,0.00010178328013964405,1,-0.016571966988021894,-1.8562451354021122e-06,0.0,0.0,week3_scan;z_diag=0+i*eta;origin=xi_k=2t(1-cos k);E0_Born_VC=NOT_COMPUTED;no_train
0.15,0.8,12,-0.016275845958501886,0.00010178328013964405,1,-0.016571966988021894,-1.8562451354021122e-06,0.0,0.0,week3_scan;z_diag=0+i*eta;origin=xi_k=2t(1-cos k);E0_Born_VC=NOT_COMPUTED;no_train
0.15,0.8,13,-0.016275845958501886,0.00010178328013964405,1,-0.016571966988021894,-1.8562451354021122e-06,0.0,0.0,week3_scan;z_diag=0+i*eta;origin=xi_k=2t(1-cos k);E0_Born_VC=NOT_COMPUTED;no_train
0.15,0.8,14,-0.016275845958501886,0.00010178328013964405,1,-0.016571966988021894,-1.8562451354021122e-06,0.0,0.0,week3_scan;z_diag=0+i*eta;origin=xi_k=2t(1-cos k);E0_Born_VC=NOT_COMPUTED;no_train
0.15,0.8,15,-0.016275845958501886,0.00010178328013964405,1,-0.016571966988021894,-1.8562451354021122e-06,0.0,0.0,week3_scan;z_diag=0+i*eta;origin=xi_k=2t(1-cos k);E0_Born_VC=NOT_COMPUTED;no_train
0.15,0.8,16,-0.016275845958501886,0.00010178328013964405,1,-0.016571966988021894,-1.8562451354021122e-06,0.0,0.0,week3_scan;z_diag=0+i*eta;origin=xi_k=2t(1-cos k);E0_Born_VC=NOT_COMPUTED;no_train
0.15,0.8,17,-0.016275845958501886,0.00010178328013964405,1,-0.016571966988021894,-1.8562451354021122e-06,0.0,0.0,week3_scan;z_diag=0+i*eta;origin=xi_k=2t(1-cos k);E0_Born_VC=NOT_COMPUTED;no_train
0.15,0.8,18,-0.016275845958501886,0.00010178328013964405,1,-0.016571966988021894,-1.8562451354021122e-06,0.0,0.0,week3_scan;z_diag=0+i*eta;origin=xi_k=2t(1-cos k);E0_Born_VC=NOT_COMPUTED;no_train
0.15,0.8,19,-0.016275845958501886,0.00010178328013964405,1,-0.016571966988021894,-1.8562451354021122e-06,0.0,0.0,week3_scan;z_diag=0+i*eta;origin=xi_k=2t(1-cos k);E0_Born_VC=NOT_COMPUTED;no_train
0.15,0.8,20,-0.016275845958501886,0.00010178328013964405,1,-0.016571966988021894,-1.8562451354021122e-06,0.0,0.0,week3_scan;z_diag=0+i*eta;origin=xi_k=2t(1-cos k);E0_Born_VC=NOT_COMPUTED;no_train
0.15,0.8,21,-0.016275845958501886,0.00010178328013964405,1,-0.016571966988021894,-1.8562451354021122e-06,0.0,0.0,week3_scan;z_diag=0+i*eta;origin=xi_k=2t(1-cos k);E0_Born_VC=NOT_COMPUTED;no_train
0.15,0.8,22,-0.016275845958501886,0.00010178328013964405,1,-0.016571966988021894,-1.8562451354021122e-06,0.0,0.0,week3_scan;z_diag=0+i*eta;origin=xi_k=2t(1-cos k);E0_Born_VC=NOT_COMPUTED;no_train
0.15,0.8,23,-0.016275845958501886,0.00010178328013964405,1,-0.016571966988021894,-1.8562451354021122e-06,0.0,0.0,week3_scan;z_diag=0+i*eta;origin=xi_k=2t(1-cos k);E0_Born_VC=NOT_COMPUTED;no_train
0.15,0.8,24,-0.016275845958501886,0.00010178328013964405,1,-0.016571966988021894,-1.8562451354021122e-06,0.0,0.0,week3_scan;z_diag=0+i*eta;origin=xi_k=2t(1-cos k);E0_Born_VC=NOT_COMPUTED;no_train
0.15,0.8,25,-0.016275845958501886,0.00010178328013964405,1,-0.016571966988021894,-1.8562451354021122e-06,0.0,0.0,week3_scan;z_diag=0+i*eta;origin=xi_k=2t(1-cos k);E0_Born_VC=NOT_COMPUTED;no_train
0.15,0.8,26,-0.016275845958501886,0.00010178328013964405,1,-0.016571966988021894,-1.8562451354021122e-06,0.0,0.0,week3_scan;z_diag=0+i*eta;origin=xi_k=2t(1-cos k);E0_Born_VC=NOT_COMPUTED;no_train
0.15,0.8,27,-0.016275845958501886,0.00010178328013964405,1,-0.016571966988021894,-1.8562451354021122e-06,0.0,0.0,week3_scan;z_diag=0+i*eta;origin=xi_k=2t(1-cos k);E0_Born_VC=NOT_COMPUTED;no_train
0.15,0.8,28,-0.016275845958501886,0.00010178328013964405,1,-0.016571966988021894,-1.8562451354021122e-06,0.0,0.0,week3_scan;z_diag=0+i*eta;origin=xi_k=2t(1-cos k);E0_Born_VC=NOT_COMPUTED;no_train
0.15,0.8,29,-0.016275845958501886,0.00010178328013964405,1,-0.016571966988021894,-1.8562451354021122e-06,0.0,0.0,week3_scan;z_diag=0+i*eta;origin=xi_k=2t(1-cos k);E0_Born_VC=NOT_COMPUTED;no_train
0.15,0.8,30,-0.016275845958501886,0.00010178328013964405,1,-0.016571966988021894,-1.8562451354021122e-06,0.0,0.0,week3_scan;z_diag=0+i*eta;origin=xi_k=2t(1-cos k);E0_Born_VC=NOT_COMPUTED;no_train
0.15,0.8,31,-0.016275845958501886,0.00010178328013964405,1,-0.016571966988021894,-1.8562451354021122e-06,0.0,0.0,week3_scan;z_diag=0+i*eta;origin=xi_k=2t(1-cos k);E0_Born_VC=NOT_COMPUTED;no_train
0.15,0.8,32,-0.016275845958501886,0.00010178328013964405,1,-0.016571966988021894,-1.8562451354021122e-06,0.0,0.0,week3_scan;z_diag=0+i*eta;origin=xi_k=2t(1-cos k);E0_Born_VC=NOT_COMPUTED;no_train
0.15,0.8,33,-0.016275845958501886,0.00010178328013964405,1,-0.016571966988021894,-1.8562451354021122e-06,0.0,0.0,week3_scan;z_diag=0+i*eta;origin=xi_k=2t(1-cos k);E0_Born_VC=NOT_COMPUTED;no_train
0.15,0.8,34,-0.016275845958501886,0.00010178328013964405,1,-0.016571966988021894,-1.8562451354021122e-06,0.0,0.0,week3_scan;z_diag=0+i*eta;origin=xi_k=2t(1-cos k);E0_Born_VC=NOT_COMPUTED;no_train
0.15,0.8,35,-0.016275845958501886,0.00010178328013964405,1,-0.016571966988021894,-1.8562451354021122e-06,0.0,0.0,week3_scan;z_diag=0+i*eta;origin=xi_k=2t(1-cos k);E0_Born_VC=NOT_COMPUTED;no_train
0.15,0.8,36,-0.016275845958501886,0.00010178328013964405,1,-0.016571966988021894,-1.8562451354021122e-06,0.0,0.0,week3_scan;z_diag=0+i*eta;origin=xi_k=2t(1-cos k);E0_Born_VC=NOT_COMPUTED;no_train
0.15,0.8,37,-0.016275845958501886,0.00010178328013964405,1,-0.016571966988021894,-1.8562451354021122e-06,0.0,0.0,week3_scan;z_diag=0+i*eta;origin=xi_k=2t(1-cos k);E0_Born_VC=NOT_COMPUTED;no_train
0.15,0.8,38,-0.016275845958501886,0.00010178328013964405,1,-0.016571966988021894,-1.8562451354021122e-06,0.0,0.0,week3_scan;z_diag=0+i*eta;origin=xi_k=2t(1-cos k);E0_Born_VC=NOT_COMPUTED;no_train
0.15,0.8,39,-0.016275845958501886,0.00010178328013964405,1,-0.016571966988021894,-1.8562451354021122e-06,0.0,0.0,week3_scan;z_diag=0+i*eta;origin=xi_k=2t(1-cos k);E0_Born_VC=NOT_COMPUTED;no_train
0.15,0.8,40,-0.016275845958501886,0.00010178328013964405,1,-0.016571966988021894,-1.8562451354021122e-06,0.0,0.0,week3_scan;z_diag=0+i*eta;origin=xi_k=2t(1-cos k);E0_Born_VC=NOT_COMPUTED;no_train
0.15,0.8,41,-0.016275845958501886,0.00010178328013964405,1,-0.016571966988021894,-1.8562451354021122e-06,0.0,0.0,week3_scan;z_diag=0+i*eta;origin=xi_k=2t(1-cos k);E0_Born_VC=NOT_COMPUTED;no_train
0.15,0.8,42,-0.016275845958501886,0.00010178328013964405,1,-0.016571966988021894,-1.8562451354021122e-06,0.0,0.0,week3_scan;z_diag=0+i*eta;origin=xi_k=2t(1-cos k);E0_Born_VC=NOT_COMPUTED;no_train
0.15,0.8,43,-0.016275845958501886,0.00010178328013964405,1,-0.016571966988021894,-1.8562451354021122e-06,0.0,0.0,week3_scan;z_diag=0+i*eta;origin=xi_k=2t(1-cos k);E0_Born_VC=NOT_COMPUTED;no_train
0.15,0.8,44,-0.016275845958501886,0.00010178328013964405,1,-0.016571966988021894,-1.8562451354021122e-06,0.0,0.0,week3_scan;z_diag=0+i*eta;origin=xi_k=2t(1-cos k);E0_Born_VC=NOT_COMPUTED;no_train
0.15,0.8,45,-0.016275845958501886,0.00010178328013964405,1,-0.016571966988021894,-1.8562451354021122e-06,0.0,0.0,week3_scan;z_diag=0+i*eta;origin=xi_k=2t(1-cos k);E0_Born_VC=NOT_COMPUTED;no_train
0.15,0.8,46,-0.016275845958501886,0.00010178328013964405,1,-0.016571966988021894,-1.8562451354021122e-06,0.0,0.0,week3_scan;z_diag=0+i*eta;origin=xi_k=2t(1-cos k);E0_Born_VC=NOT_COMPUTED;no_train
0.15,0.8,47,-0.016275845958501886,0.00010178328013964405,1,-0.016571966988021894,-1.8562451354021122e-06,0.0,0.0,week3_scan;z_diag=0+i*eta;origin=xi_k=2t(1-cos k);E0_Born_VC=NOT_COMPUTED;no_train
0.15,0.8,48,-0.016275845958501886,0.00010178328013964405,1,-0.016571966988021894,-1.8562451354021122e-06,0.0,0.0,week3_scan;z_diag=0+i*eta;origin=xi_k=2t(1-cos k);E0_Born_VC=NOT_COMPUTED;no_train
0.15,0.8,49,-0.016275845958501886,0.00010178328013964405,1,-0.016571966988021894,-1.8562451354021122e-06,0.0,0.0,week3_scan;z_diag=0+i*eta;origin=xi_k=2t(1-cos k);E0_Born_VC=NOT_COMPUTED;no_train
0.15,0.8,50,-0.016275845958501886,0.00010178328013964405,1,-0.016571966988021894,-1.8562451354021122e-06,0.0,0.0,week3_scan;z_diag=0+i*eta;origin=xi_k=2t(1-cos k);E0_Born_VC=NOT_COMPUTED;no_train
0.15,0.8,51,-0.016275845958501886,0.00010178328013964405,1,-0.016571966988021894,-1.8562451354021122e-06,0.0,0.0,week3_scan;z_diag=0+i*eta;origin=xi_k=2t(1-cos k);E0_Born_VC=NOT_COMPUTED;no_train
0.15,0.8,52,-0.016275845958501886,0.00010178328013964405,1,-0.016571966988021894,-1.8562451354021122e-06,0.0,0.0,week3_scan;z_diag=0+i*eta;origin=xi_k=2t(1-cos k);E0_Born_VC=NOT_COMPUTED;no_train
0.15,0.8,53,-0.016275845958501886,0.00010178328013964405,1,-0.016571966988021894,-1.8562451354021122e-06,0.0,0.0,week3_scan;z_diag=0+i*eta;origin=xi_k=2t(1-cos k);E0_Born_VC=NOT_COMPUTED;no_train
0.15,0.8,54,-0.016275845958501886,0.00010178328013964405,1,-0.016571966988021894,-1.8562451354021122e-06,0.0,0.0,week3_scan;z_diag=0+i*eta;origin=xi_k=2t(1-cos k);E0_Born_VC=NOT_COMPUTED;no_train
0.15,0.8,55,-0.016275845958501886,0.00010178328013964405,1,-0.016571966988021894,-1.8562451354021122e-06,0.0,0.0,week3_scan;z_diag=0+i*eta;origin=xi_k=2t(1-cos k);E0_Born_VC=NOT_COMPUTED;no_train
0.15,0.8,56,-0.016275845958501886,0.00010178328013964405,1,-0.016571966988021894,-1.8562451354021122e-06,0.0,0.0,week3_scan;z_diag=0+i*eta;origin=xi_k=2t(1-cos k);E0_Born_VC=NOT_COMPUTED;no_train
0.15,0.8,57,-0.016275845958501886,0.00010178328013964405,1,-0.016571966988021894,-1.8562451354021122e-06,0.0,0.0,week3_scan;z_diag=0+i*eta;origin=xi_k=2t(1-cos k);E0_Born_VC=NOT_COMPUTED;no_train
0.15,0.8,58,-0.016275845958501886,0.00010178328013964405,1,-0.016571966988021894,-1.8562451354021122e-06,0.0,0.0,week3_scan;z_diag=0+i*eta;origin=xi_k=2t(1-cos k);E0_Born_VC=NOT_COMPUTED;no_train
0.15,0.8,59,-0.016275845958501886,0.00010178328013964405,1,-0.016571966988021894,-1.8562451354021122e-06,0.0,0.0,week3_scan;z_diag=0+i*eta;origin=xi_k=2t(1-cos k);E0_Born_VC=NOT_COMPUTED;no_train
0.15,0.8,60,-0.016275845958501886,0.00010178328013964405,1,-0.016571966988021894,-1.8562451354021122e-06,0.0,0.0,week3_scan;z_diag=0+i*eta;origin=xi_k=2t(1-cos k);E0_Born_VC=NOT_COMPUTED;no_train
0.15,0.8,61,-0.016275845958501886,0.00010178328013964405,1,-0.016571966988021894,-1.8562451354021122e-06,0.0,0.0,week3_scan;z_diag=0+i*eta;origin=xi_k=2t(1-cos k);E0_Born_VC=NOT_COMPUTED;no_train
0.15,0.8,62,-0.016275845958501886,0.00010178328013964405,1,-0.016571966988021894,-1.8562451354021122e-06,0.0,0.0,week3_scan;z_diag=0+i*eta;origin=xi_k=2t(1-cos k);E0_Born_VC=NOT_COMPUTED;no_train
0.15,0.8,63,-0.016275845958501886,0.00010178328013964405,1,-0.016571966988021894,-1.8562451354021122e-06,0.0,0.0,week3_scan;z_diag=0+i*eta;origin=xi_k=2t(1-cos k);E0_Born_VC=NOT_COMPUTED;no_train
0.15,0.8,64,-0.016275845958501886,0.00010178328013964405,1,-0.016571966988021894,-1.8562451354021122e-06,0.0,0.0,week3_scan;z_diag=0+i*eta;origin=xi_k=2t(1-cos k);E0_Born_VC=NOT_COMPUTED;no_train
0.15,2.0,0,-0.007476716472912221,0.00010031033116883844,1,-0.007499999985416666,-3.1249999928819446e-07,,,week3_scan;z_diag=0+i*eta;origin=xi_k=2t(1-cos k);E0_Born_VC=NOT_COMPUTED;no_train
0.15,2.0,1,-0.007489773142776669,0.00010031181922272569,1,-0.007513209587802139,-3.14010022262154e-07,0.0017581836771450522,0.001107510325918873,week3_scan;z_diag=0+i*eta;origin=xi_k=2t(1-cos k);E0_Born_VC=NOT_COMPUTED;no_train
0.15,2.0,2,-0.0074897813011624206,0.00010031182046710145,1,-0.007513217865690571,-3.1401128727990267e-07,1.1017767179679826e-06,6.404192724894614e-07,week3_scan;z_diag=0+i*eta;origin=xi_k=2t(1-cos k);E0_Born_VC=NOT_COMPUTED;no_train
0.15,2.0,3,-0.0074897813038690775,0.0001003118204675861,1,-0.0075132178684419095,-3.1401128777329e-07,3.661997175864252e-10,2.077246631122973e-10,week3_scan;z_diag=0+i*eta;origin=xi_k=2t(1-cos k);E0_Born_VC=NOT_COMPUTED;no_train
0.15,2.0,4,-0.0074897813038690775,0.00010031182046758621,1,-0.0075132178684424854,-3.14011287773405e-07,7.665533132198347e-14,4.308212471865132e-14,week3_scan;z_diag=0+i*eta;origin=xi_k=2t(1-cos k);E0_Born_VC=NOT_COMPUTED;no_train
0.15,2.0,5,-0.0074897813038690775,0.00010031182046758621,1,-0.0075132178684424854,-3.14011287773405e-07,0.0,3.018111274614088e-17,week3_scan;z_diag=0+i*eta;origin=xi_k=2t(1-cos k);E0_Born_VC=NOT_COMPUTED;no_train
0.15,2.0,6,-0.0074897813038690775,0.00010031182046758621,1,-0.0075132178684424854,-3.14011287773405e-07,0.0,0.0,week3_scan;z_diag=0+i*eta;origin=xi_k=2t(1-cos k);E0_Born_VC=NOT_COMPUTED;no_train
0.15,2.0,7,-0.0074897813038690775,0.00010031182046758621,1,-0.0075132178684424854,-3.14011287773405e-07,0.0,0.0,week3_scan;z_diag=0+i*eta;origin=xi_k=2t(1-cos k);E0_Born_VC=NOT_COMPUTED;no_train
0.15,2.0,8,-0.0074897813038690775,0.00010031182046758621,1,-0.0075132178684424854,-3.14011287773405e-07,0.0,0.0,week3_scan;z_diag=0+i*eta;origin=xi_k=2t(1-cos k);E0_Born_VC=NOT_COMPUTED;no_train
0.15,2.0,9,-0.0074897813038690775,0.00010031182046758621,1,-0.0075132178684424854,-3.14011287773405e-07,0.0,0.0,week3_scan;z_diag=0+i*eta;origin=xi_k=2t(1-cos k);E0_Born_VC=NOT_COMPUTED;no_train
0.15,2.0,10,-0.0074897813038690775,0.00010031182046758621,1,-0.0075132178684424854,-3.14011287773405e-07,0.0,0.0,week3_scan;z_diag=0+i*eta;origin=xi_k=2t(1-cos k);E0_Born_VC=NOT_COMPUTED;no_train
0.15,2.0,11,-0.0074897813038690775,0.00010031182046758621,1,-0.0075132178684424854,-3.14011287773405e-07,0.0,0.0,week3_scan;z_diag=0+i*eta;origin=xi_k=2t(1-cos k);E0_Born_VC=NOT_COMPUTED;no_train
0.15,2.0,12,-0.0074897813038690775,0.00010031182046758621,1,-0.0075132178684424854,-3.14011287773405e-07,0.0,0.0,week3_scan;z_diag=0+i*eta;origin=xi_k=2t(1-cos k);E0_Born_VC=NOT_COMPUTED;no_train
0.15,2.0,13,-0.0074897813038690775,0.00010031182046758621,1,-0.0075132178684424854,-3.14011287773405e-07,0.0,0.0,week3_scan;z_diag=0+i*eta;origin=xi_k=2t(1-cos k);E0_Born_VC=NOT_COMPUTED;no_train
0.15,2.0,14,-0.0074897813038690775,0.00010031182046758621,1,-0.0075132178684424854,-3.14011287773405e-07,0.0,0.0,week3_scan;z_diag=0+i*eta;origin=xi_k=2t(1-cos k);E0_Born_VC=NOT_COMPUTED;no_train
0.15,2.0,15,-0.0074897813038690775,0.00010031182046758621,1,-0.0075132178684424854,-3.14011287773405e-07,0.0,0.0,week3_scan;z_diag=0+i*eta;origin=xi_k=2t(1-cos k);E0_Born_VC=NOT_COMPUTED;no_train
0.15,2.0,16,-0.0074897813038690775,0.00010031182046758621,1,-0.0075132178684424854,-3.14011287773405e-07,0.0,0.0,week3_scan;z_diag=0+i*eta;origin=xi_k=2t(1-cos k);E0_Born_VC=NOT_COMPUTED;no_train
0.15,2.0,17,-0.0074897813038690775,0.00010031182046758621,1,-0.0075132178684424854,-3.14011287773405e-07,0.0,0.0,week3_scan;z_diag=0+i*eta;origin=xi_k=2t(1-cos k);E0_Born_VC=NOT_COMPUTED;no_train
0.15,2.0,18,-0.0074897813038690775,0.00010031182046758621,1,-0.0075132178684424854,-3.14011287773405e-07,0.0,0.0,week3_scan;z_diag=0+i*eta;origin=xi_k=2t(1-cos k);E0_Born_VC=NOT_COMPUTED;no_train
0.15,2.0,19,-0.0074897813038690775,0.00010031182046758621,1,-0.0075132178684424854,-3.14011287773405e-07,0.0,0.0,week3_scan;z_diag=0+i*eta;origin=xi_k=2t(1-cos k);E0_Born_VC=NOT_COMPUTED;no_train
0.15,2.0,20,-0.0074897813038690775,0.00010031182046758621,1,-0.0075132178684424854,-3.14011287773405e-07,0.0,0.0,week3_scan;z_diag=0+i*eta;origin=xi_k=2t(1-cos k);E0_Born_VC=NOT_COMPUTED;no_train
0.15,2.0,21,-0.0074897813038690775,0.00010031182046758621,1,-0.0075132178684424854,-3.14011287773405e-07,0.0,0.0,week3_scan;z_diag=0+i*eta;origin=xi_k=2t(1-cos k);E0_Born_VC=NOT_COMPUTED;no_train
0.15,2.0,22,-0.0074897813038690775,0.00010031182046758621,1,-0.0075132178684424854,-3.14011287773405e-07,0.0,0.0,week3_scan;z_diag=0+i*eta;origin=xi_k=2t(1-cos k);E0_Born_VC=NOT_COMPUTED;no_train
0.15,2.0,23,-0.0074897813038690775,0.00010031182046758621,1,-0.0075132178684424854,-3.14011287773405e-07,0.0,0.0,week3_scan;z_diag=0+i*eta;origin=xi_k=2t(1-cos k);E0_Born_VC=NOT_COMPUTED;no_train
0.15,2.0,24,-0.0074897813038690775,0.00010031182046758621,1,-0.0075132178684424854,-3.14011287773405e-07,0.0,0.0,week3_scan;z_diag=0+i*eta;origin=xi_k=2t(1-cos k);E0_Born_VC=NOT_COMPUTED;no_train
0.15,2.0,25,-0.0074897813038690775,0.00010031182046758621,1,-0.0075132178684424854,-3.14011287773405e-07,0.0,0.0,week3_scan;z_diag=0+i*eta;origin=xi_k=2t(1-cos k);E0_Born_VC=NOT_COMPUTED;no_train
0.15,2.0,26,-0.0074897813038690775,0.00010031182046758621,1,-0.0075132178684424854,-3.14011287773405e-07,0.0,0.0,week3_scan;z_diag=0+i*eta;origin=xi_k=2t(1-cos k);E0_Born_VC=NOT_COMPUTED;no_train
0.15,2.0,27,-0.0074897813038690775,0.00010031182046758621,1,-0.0075132178684424854,-3.14011287773405e-07,0.0,0.0,week3_scan;z_diag=0+i*eta;origin=xi_k=2t(1-cos k);E0_Born_VC=NOT_COMPUTED;no_train
0.15,2.0,28,-0.0074897813038690775,0.00010031182046758621,1,-0.0075132178684424854,-3.14011287773405e-07,0.0,0.0,week3_scan;z_diag=0+i*eta;origin=xi_k=2t(1-cos k);E0_Born_VC=NOT_COMPUTED;no_train
0.15,2.0,29,-0.0074897813038690775,0.00010031182046758621,1,-0.0075132178684424854,-3.14011287773405e-07,0.0,0.0,week3_scan;z_diag=0+i*eta;origin=xi_k=2t(1-cos k);E0_Born_VC=NOT_COMPUTED;no_train
0.15,2.0,30,-0.0074897813038690775,0.00010031182046758621,1,-0.0075132178684424854,-3.14011287773405e-07,0.0,0.0,week3_scan;z_diag=0+i*eta;origin=xi_k=2t(1-cos k);E0_Born_VC=NOT_COMPUTED;no_train
0.15,2.0,31,-0.0074897813038690775,0.00010031182046758621,1,-0.0075132178684424854,-3.14011287773405e-07,0.0,0.0,week3_scan;z_diag=0+i*eta;origin=xi_k=2t(1-cos k);E0_Born_VC=NOT_COMPUTED;no_train
0.15,2.0,32,-0.0074897813038690775,0.00010031182046758621,1,-0.0075132178684424854,-3.14011287773405e-07,0.0,0.0,week3_scan;z_diag=0+i*eta;origin=xi_k=2t(1-cos k);E0_Born_VC=NOT_COMPUTED;no_train
0.15,2.0,33,-0.0074897813038690775,0.00010031182046758621,1,-0.0075132178684424854,-3.14011287773405e-07,0.0,0.0,week3_scan;z_diag=0+i*eta;origin=xi_k=2t(1-cos k);E0_Born_VC=NOT_COMPUTED;no_train
0.15,2.0,34,-0.0074897813038690775,0.00010031182046758621,1,-0.0075132178684424854,-3.14011287773405e-07,0.0,0.0,week3_scan;z_diag=0+i*eta;origin=xi_k=2t(1-cos k);E0_Born_VC=NOT_COMPUTED;no_train
0.15,2.0,35,-0.0074897813038690775,0.00010031182046758621,1,-0.0075132178684424854,-3.14011287773405e-07,0.0,0.0,week3_scan;z_diag=0+i*eta;origin=xi_k=2t(1-cos k);E0_Born_VC=NOT_COMPUTED;no_train
0.15,2.0,36,-0.0074897813038690775,0.00010031182046758621,1,-0.0075132178684424854,-3.14011287773405e-07,0.0,0.0,week3_scan;z_diag=0+i*eta;origin=xi_k=2t(1-cos k);E0_Born_VC=NOT_COMPUTED;no_train
0.15,2.0,37,-0.0074897813038690775,0.00010031182046758621,1,-0.0075132178684424854,-3.14011287773405e-07,0.0,0.0,week3_scan;z_diag=0+i*eta;origin=xi_k=2t(1-cos k);E0_Born_VC=NOT_COMPUTED;no_train
0.15,2.0,38,-0.0074897813038690775,0.00010031182046758621,1,-0.0075132178684424854,-3.14011287773405e-07,0.0,0.0,week3_scan;z_diag=0+i*eta;origin=xi_k=2t(1-cos k);E0_Born_VC=NOT_COMPUTED;no_train
0.15,2.0,39,-0.0074897813038690775,0.00010031182046758621,1,-0.0075132178684424854,-3.14011287773405e-07,0.0,0.0,week3_scan;z_diag=0+i*eta;origin=xi_k=2t(1-cos k);E0_Born_VC=NOT_COMPUTED;no_train
0.15,2.0,40,-0.0074897813038690775,0.00010031182046758621,1,-0.0075132178684424854,-3.14011287773405e-07,0.0,0.0,week3_scan;z_diag=0+i*eta;origin=xi_k=2t(1-cos k);E0_Born_VC=NOT_COMPUTED;no_train
0.15,2.0,41,-0.0074897813038690775,0.00010031182046758621,1,-0.0075132178684424854,-3.14011287773405e-07,0.0,0.0,week3_scan;z_diag=0+i*eta;origin=xi_k=2t(1-cos k);E0_Born_VC=NOT_COMPUTED;no_train
0.15,2.0,42,-0.0074897813038690775,0.00010031182046758621,1,-0.0075132178684424854,-3.14011287773405e-07,0.0,0.0,week3_scan;z_diag=0+i*eta;origin=xi_k=2t(1-cos k);E0_Born_VC=NOT_COMPUTED;no_train
0.15,2.0,43,-0.0074897813038690775,0.00010031182046758621,1,-0.0075132178684424854,-3.14011287773405e-07,0.0,0.0,week3_scan;z_diag=0+i*eta;origin=xi_k=2t(1-cos k);E0_Born_VC=NOT_COMPUTED;no_train
0.15,2.0,44,-0.0074897813038690775,0.00010031182046758621,1,-0.0075132178684424854,-3.14011287773405e-07,0.0,0.0,week3_scan;z_diag=0+i*eta;origin=xi_k=2t(1-cos k);E0_Born_VC=NOT_COMPUTED;no_train
0.15,2.0,45,-0.0074897813038690775,0.00010031182046758621,1,-0.0075132178684424854,-3.14011287773405e-07,0.0,0.0,week3_scan;z_diag=0+i*eta;origin=xi_k=2t(1-cos k);E0_Born_VC=NOT_COMPUTED;no_train
0.15,2.0,46,-0.0074897813038690775,0.00010031182046758621,1,-0.0075132178684424854,-3.14011287773405e-07,0.0,0.0,week3_scan;z_diag=0+i*eta;origin=xi_k=2t(1-cos k);E0_Born_VC=NOT_COMPUTED;no_train
0.15,2.0,47,-0.0074897813038690775,0.00010031182046758621,1,-0.0075132178684424854,-3.14011287773405e-07,0.0,0.0,week3_scan;z_diag=0+i*eta;origin=xi_k=2t(1-cos k);E0_Born_VC=NOT_COMPUTED;no_train
0.15,2.0,48,-0.0074897813038690775,0.00010031182046758621,1,-0.0075132178684424854,-3.14011287773405e-07,0.0,0.0,week3_scan;z_diag=0+i*eta;origin=xi_k=2t(1-cos k);E0_Born_VC=NOT_COMPUTED;no_train
0.15,2.0,49,-0.0074897813038690775,0.00010031182046758621,1,-0.0075132178684424854,-3.14011287773405e-07,0.0,0.0,week3_scan;z_diag=0+i*eta;origin=xi_k=2t(1-cos k);E0_Born_VC=NOT_COMPUTED;no_train
0.15,2.0,50,-0.0074897813038690775,0.00010031182046758621,1,-0.0075132178684424854,-3.14011287773405e-07,0.0,0.0,week3_scan;z_diag=0+i*eta;origin=xi_k=2t(1-cos k);E0_Born_VC=NOT_COMPUTED;no_train
0.15,2.0,51,-0.0074897813038690775,0.00010031182046758621,1,-0.0075132178684424854,-3.14011287773405e-07,0.0,0.0,week3_scan;z_diag=0+i*eta;origin=xi_k=2t(1-cos k);E0_Born_VC=NOT_COMPUTED;no_train
0.15,2.0,52,-0.0074897813038690775,0.00010031182046758621,1,-0.0075132178684424854,-3.14011287773405e-07,0.0,0.0,week3_scan;z_diag=0+i*eta;origin=xi_k=2t(1-cos k);E0_Born_VC=NOT_COMPUTED;no_train
0.15,2.0,53,-0.0074897813038690775,0.00010031182046758621,1,-0.0075132178684424854,-3.14011287773405e-07,0.0,0.0,week3_scan;z_diag=0+i*eta;origin=xi_k=2t(1-cos k);E0_Born_VC=NOT_COMPUTED;no_train
0.15,2.0,54,-0.0074897813038690775,0.00010031182046758621,1,-0.0075132178684424854,-3.14011287773405e-07,0.0,0.0,week3_scan;z_diag=0+i*eta;origin=xi_k=2t(1-cos k);E0_Born_VC=NOT_COMPUTED;no_train
0.15,2.0,55,-0.0074897813038690775,0.00010031182046758621,1,-0.0075132178684424854,-3.14011287773405e-07,0.0,0.0,week3_scan;z_diag=0+i*eta;origin=xi_k=2t(1-cos k);E0_Born_VC=NOT_COMPUTED;no_train
0.15,2.0,56,-0.0074897813038690775,0.00010031182046758621,1,-0.0075132178684424854,-3.14011287773405e-07,0.0,0.0,week3_scan;z_diag=0+i*eta;origin=xi_k=2t(1-cos k);E0_Born_VC=NOT_COMPUTED;no_train
0.15,2.0,57,-0.0074897813038690775,0.00010031182046758621,1,-0.0075132178684424854,-3.14011287773405e-07,0.0,0.0,week3_scan;z_diag=0+i*eta;origin=xi_k=2t(1-cos k);E0_Born_VC=NOT_COMPUTED;no_train
0.15,2.0,58,-0.0074897813038690775,0.00010031182046758621,1,-0.0075132178684424854,-3.14011287773405e-07,0.0,0.0,week3_scan;z_diag=0+i*eta;origin=xi_k=2t(1-cos k);E0_Born_VC=NOT_COMPUTED;no_train
0.15,2.0,59,-0.0074897813038690775,0.00010031182046758621,1,-0.0075132178684424854,-3.14011287773405e-07,0.0,0.0,week3_scan;z_diag=0+i*eta;origin=xi_k=2t(1-cos k);E0_Born_VC=NOT_COMPUTED;no_train
0.15,2.0,60,-0.0074897813038690775,0.00010031182046758621,1,-0.0075132178684424854,-3.14011287773405e-07,0.0,0.0,week3_scan;z_diag=0+i*eta;origin=xi_k=2t(1-cos k);E0_Born_VC=NOT_COMPUTED;no_train
0.15,2.0,61,-0.0074897813038690775,0.00010031182046758621,1,-0.0075132178684424854,-3.14011287773405e-07,0.0,0.0,week3_scan;z_diag=0+i*eta;origin=xi_k=2t(1-cos k);E0_Born_VC=NOT_COMPUTED;no_train
0.15,2.0,62,-0.0074897813038690775,0.00010031182046758621,1,-0.0075132178684424854,-3.14011287773405e-07,0.0,0.0,week3_scan;z_diag=0+i*eta;origin=xi_k=2t(1-cos k);E0_Born_VC=NOT_COMPUTED;no_train
0.15,2.0,63,-0.0074897813038690775,0.00010031182046758621,1,-0.0075132178684424854,-3.14011287773405e-07,0.0,0.0,week3_scan;z_diag=0+i*eta;origin=xi_k=2t(1-cos k);E0_Born_VC=NOT_COMPUTED;no_train
0.15,2.0,64,-0.0074897813038690775,0.00010031182046758621,1,-0.0075132178684424854,-3.14011287773405e-07,0.0,0.0,week3_scan;z_diag=0+i*eta;origin=xi_k=2t(1-cos k);E0_Born_VC=NOT_COMPUTED;no_train
0.45,0.5,0,-0.17227776087113264,0.0001228663614354563,1,-0.22499999188888925,-4.099999837975315e-05,,,week3_scan;z_diag=0+i*eta;origin=xi_k=2t(1-cos k);E0_Born_VC=NOT_COMPUTED;no_train
0.45,0.5,1,-0.19381456136958158,0.00013183087038437042,1,-0.290627636613507,-7.870035791845325e-05,0.2258135320912796,0.39240919041386585,week3_scan;z_diag=0+i*eta;origin=xi_k=2t(1-cos k);E0_Born_VC=NOT_COMPUTED;no_train
0.45,0.5,2,-0.19520881251612418,0.0001327364765623033,1,-0.29784208103050097,-8.490282556268104e-05,0.024222389143714534,0.11799634236531527,week3_scan;z_diag=0+i*eta;origin=xi_k=2t(1-cos k);E0_Born_VC=NOT_COMPUTED;no_train
0.45,0.5,3,-0.1952566882795797,0.0001327749456605292,1,-0.29816436461815815,-8.52277532878451e-05,0.0010808928783306825,0.008864272262655227,week3_scan;z_diag=0+i*eta;origin=xi_k=2t(1-cos k);E0_Born_VC=NOT_COMPUTED;no_train
0.45,0.5,4,-0.1952577032918486,0.00013277587402528464,1,-0.29817249242403615,-8.523671461635777e-05,2.725875354897043e-05,0.00028649579244584256,week3_scan;z_diag=0+i*eta;origin=xi_k=2t(1-cos k);E0_Born_VC=NOT_COMPUTED;no_train
0.45,0.5,5,-0.1952577181431258,0.0001327758889156029,1,-0.29817262852053367,-8.523687447724285e-05,4.564355437922199e-07,5.730540292785274e-06,week3_scan;z_diag=0+i*eta;origin=xi_k=2t(1-cos k);E0_Born_VC=NOT_COMPUTED;no_train
0.45,0.5,6,-0.19525771830382266,0.00013277588908848514,1,-0.2981726301665793,-8.523687650783155e-05,5.5204490681712506e-09,8.003615772927476e-08,week3_scan;z_diag=0+i*eta;origin=xi_k=2t(1-cos k);E0_Born_VC=NOT_COMPUTED;no_train
0.45,0.5,7,-0.19525771830517596,0.0001327758890900182,1,-0.29817263018175366,-8.523687652731145e-05,5.089123586359389e-11,8.332062587225463e-10,week3_scan;z_diag=0+i*eta;origin=xi_k=2t(1-cos k);E0_Born_VC=NOT_COMPUTED;no_train
0.45,0.5,8,-0.19525771830517596,0.00013277588909003013,1,-0.29817263018186446,-8.523687652745847e-05,3.7159799274569414e-13,6.757239151994105e-12,week3_scan;z_diag=0+i*eta;origin=xi_k=2t(1-cos k);E0_Born_VC=NOT_COMPUTED;no_train
0.45,0.5,9,-0.19525771830517596,0.0001327758890900302,1,-0.29817263018186513,-8.523687652745939e-05,2.2340562399416753e-15,4.4080037224731616e-14,week3_scan;z_diag=0+i*eta;origin=xi_k=2t(1-cos k);E0_Born_VC=NOT_COMPUTED;no_train
0.45,0.5,10,-0.19525771830517596,0.0001327758890900302,1,-0.29817263018186513,-8.523687652745939e-05,0.0,3.2060544177098315e-16,week3_scan;z_diag=0+i*eta;origin=xi_k=2t(1-cos k);E0_Born_VC=NOT_COMPUTED;no_train
0.45,0.5,11,-0.19525771830517596,0.0001327758890900302,1,-0.29817263018186513,-8.523687652745939e-05,0.0,5.3242285104461896e-17,week3_scan;z_diag=0+i*eta;origin=xi_k=2t(1-cos k);E0_Born_VC=NOT_COMPUTED;no_train
0.45,0.5,12,-0.19525771830517596,0.0001327758890900302,1,-0.29817263018186513,-8.523687652745939e-05,0.0,0.0,week3_scan;z_diag=0+i*eta;origin=xi_k=2t(1-cos k);E0_Born_VC=NOT_COMPUTED;no_train
0.45,0.5,13,-0.19525771830517596,0.0001327758890900302,1,-0.29817263018186513,-8.523687652745939e-05,0.0,0.0,week3_scan;z_diag=0+i*eta;origin=xi_k=2t(1-cos k);E0_Born_VC=NOT_COMPUTED;no_train
0.45,0.5,14,-0.19525771830517596,0.0001327758890900302,1,-0.29817263018186513,-8.523687652745939e-05,0.0,0.0,week3_scan;z_diag=0+i*eta;origin=xi_k=2t(1-cos k);E0_Born_VC=NOT_COMPUTED;no_train
0.45,0.5,15,-0.19525771830517596,0.0001327758890900302,1,-0.29817263018186513,-8.523687652745939e-05,0.0,0.0,week3_scan;z_diag=0+i*eta;origin=xi_k=2t(1-cos k);E0_Born_VC=NOT_COMPUTED;no_train
0.45,0.5,16,-0.19525771830517596,0.0001327758890900302,1,-0.29817263018186513,-8.523687652745939e-05,0.0,0.0,week3_scan;z_diag=0+i*eta;origin=xi_k=2t(1-cos k);E0_Born_VC=NOT_COMPUTED;no_train
0.45,0.5,17,-0.19525771830517596,0.0001327758890900302,1,-0.29817263018186513,-8.523687652745939e-05,0.0,0.0,week3_scan;z_diag=0+i*eta;origin=xi_k=2t(1-cos k);E0_Born_VC=NOT_COMPUTED;no_train
0.45,0.5,18,-0.19525771830517596,0.0001327758890900302,1,-0.29817263018186513,-8.523687652745939e-05,0.0,0.0,week3_scan;z_diag=0+i*eta;origin=xi_k=2t(1-cos k);E0_Born_VC=NOT_COMPUTED;no_train
0.45,0.5,19,-0.19525771830517596,0.0001327758890900302,1,-0.29817263018186513,-8.523687652745939e-05,0.0,0.0,week3_scan;z_diag=0+i*eta;origin=xi_k=2t(1-cos k);E0_Born_VC=NOT_COMPUTED;no_train
0.45,0.5,20,-0.19525771830517596,0.0001327758890900302,1,-0.29817263018186513,-8.523687652745939e-05,0.0,0.0,week3_scan;z_diag=0+i*eta;origin=xi_k=2t(1-cos k);E0_Born_VC=NOT_COMPUTED;no_train
0.45,0.5,21,-0.19525771830517596,0.0001327758890900302,1,-0.29817263018186513,-8.523687652745939e-05,0.0,0.0,week3_scan;z_diag=0+i*eta;origin=xi_k=2t(1-cos k);E0_Born_VC=NOT_COMPUTED;no_train
0.45,0.5,22,-0.19525771830517596,0.0001327758890900302,1,-0.29817263018186513,-8.523687652745939e-05,0.0,0.0,week3_scan;z_diag=0+i*eta;origin=xi_k=2t(1-cos k);E0_Born_VC=NOT_COMPUTED;no_train
0.45,0.5,23,-0.19525771830517596,0.0001327758890900302,1,-0.29817263018186513,-8.523687652745939e-05,0.0,0.0,week3_scan;z_diag=0+i*eta;origin=xi_k=2t(1-cos k);E0_Born_VC=NOT_COMPUTED;no_train
0.45,0.5,24,-0.19525771830517596,0.0001327758890900302,1,-0.29817263018186513,-8.523687652745939e-05,0.0,0.0,week3_scan;z_diag=0+i*eta;origin=xi_k=2t(1-cos k);E0_Born_VC=NOT_COMPUTED;no_train
0.45,0.5,25,-0.19525771830517596,0.0001327758890900302,1,-0.29817263018186513,-8.523687652745939e-05,0.0,0.0,week3_scan;z_diag=0+i*eta;origin=xi_k=2t(1-cos k);E0_Born_VC=NOT_COMPUTED;no_train
0.45,0.5,26,-0.19525771830517596,0.0001327758890900302,1,-0.29817263018186513,-8.523687652745939e-05,0.0,0.0,week3_scan;z_diag=0+i*eta;origin=xi_k=2t(1-cos k);E0_Born_VC=NOT_COMPUTED;no_train
0.45,0.5,27,-0.19525771830517596,0.0001327758890900302,1,-0.29817263018186513,-8.523687652745939e-05,0.0,0.0,week3_scan;z_diag=0+i*eta;origin=xi_k=2t(1-cos k);E0_Born_VC=NOT_COMPUTED;no_train
0.45,0.5,28,-0.19525771830517596,0.0001327758890900302,1,-0.29817263018186513,-8.523687652745939e-05,0.0,0.0,week3_scan;z_diag=0+i*eta;origin=xi_k=2t(1-cos k);E0_Born_VC=NOT_COMPUTED;no_train
0.45,0.5,29,-0.19525771830517596,0.0001327758890900302,1,-0.29817263018186513,-8.523687652745939e-05,0.0,0.0,week3_scan;z_diag=0+i*eta;origin=xi_k=2t(1-cos k);E0_Born_VC=NOT_COMPUTED;no_train
0.45,0.5,30,-0.19525771830517596,0.0001327758890900302,1,-0.29817263018186513,-8.523687652745939e-05,0.0,0.0,week3_scan;z_diag=0+i*eta;origin=xi_k=2t(1-cos k);E0_Born_VC=NOT_COMPUTED;no_train
0.45,0.5,31,-0.19525771830517596,0.0001327758890900302,1,-0.29817263018186513,-8.523687652745939e-05,0.0,0.0,week3_scan;z_diag=0+i*eta;origin=xi_k=2t(1-cos k);E0_Born_VC=NOT_COMPUTED;no_train
0.45,0.5,32,-0.19525771830517596,0.0001327758890900302,1,-0.29817263018186513,-8.523687652745939e-05,0.0,0.0,week3_scan;z_diag=0+i*eta;origin=xi_k=2t(1-cos k);E0_Born_VC=NOT_COMPUTED;no_train
0.45,0.5,33,-0.19525771830517596,0.0001327758890900302,1,-0.29817263018186513,-8.523687652745939e-05,0.0,0.0,week3_scan;z_diag=0+i*eta;origin=xi_k=2t(1-cos k);E0_Born_VC=NOT_COMPUTED;no_train
0.45,0.5,34,-0.19525771830517596,0.0001327758890900302,1,-0.29817263018186513,-8.523687652745939e-05,0.0,0.0,week3_scan;z_diag=0+i*eta;origin=xi_k=2t(1-cos k);E0_Born_VC=NOT_COMPUTED;no_train
0.45,0.5,35,-0.19525771830517596,0.0001327758890900302,1,-0.29817263018186513,-8.523687652745939e-05,0.0,0.0,week3_scan;z_diag=0+i*eta;origin=xi_k=2t(1-cos k);E0_Born_VC=NOT_COMPUTED;no_train
0.45,0.5,36,-0.19525771830517596,0.0001327758890900302,1,-0.29817263018186513,-8.523687652745939e-05,0.0,0.0,week3_scan;z_diag=0+i*eta;origin=xi_k=2t(1-cos k);E0_Born_VC=NOT_COMPUTED;no_train
0.45,0.5,37,-0.19525771830517596,0.0001327758890900302,1,-0.29817263018186513,-8.523687652745939e-05,0.0,0.0,week3_scan;z_diag=0+i*eta;origin=xi_k=2t(1-cos k);E0_Born_VC=NOT_COMPUTED;no_train
0.45,0.5,38,-0.19525771830517596,0.0001327758890900302,1,-0.29817263018186513,-8.523687652745939e-05,0.0,0.0,week3_scan;z_diag=0+i*eta;origin=xi_k=2t(1-cos k);E0_Born_VC=NOT_COMPUTED;no_train
0.45,0.5,39,-0.19525771830517596,0.0001327758890900302,1,-0.29817263018186513,-8.523687652745939e-05,0.0,0.0,week3_scan;z_diag=0+i*eta;origin=xi_k=2t(1-cos k);E0_Born_VC=NOT_COMPUTED;no_train
0.45,0.5,40,-0.19525771830517596,0.0001327758890900302,1,-0.29817263018186513,-8.523687652745939e-05,0.0,0.0,week3_scan;z_diag=0+i*eta;origin=xi_k=2t(1-cos k);E0_Born_VC=NOT_COMPUTED;no_train
0.45,0.5,41,-0.19525771830517596,0.0001327758890900302,1,-0.29817263018186513,-8.523687652745939e-05,0.0,0.0,week3_scan;z_diag=0+i*eta;origin=xi_k=2t(1-cos k);E0_Born_VC=NOT_COMPUTED;no_train
0.45,0.5,42,-0.19525771830517596,0.0001327758890900302,1,-0.29817263018186513,-8.523687652745939e-05,0.0,0.0,week3_scan;z_diag=0+i*eta;origin=xi_k=2t(1-cos k);E0_Born_VC=NOT_COMPUTED;no_train
0.45,0.5,43,-0.19525771830517596,0.0001327758890900302,1,-0.29817263018186513,-8.523687652745939e-05,0.0,0.0,week3_scan;z_diag=0+i*eta;origin=xi_k=2t(1-cos k);E0_Born_VC=NOT_COMPUTED;no_train
0.45,0.5,44,-0.19525771830517596,0.0001327758890900302,1,-0.29817263018186513,-8.523687652745939e-05,0.0,0.0,week3_scan;z_diag=0+i*eta;origin=xi_k=2t(1-cos k);E0_Born_VC=NOT_COMPUTED;no_train
0.45,0.5,45,-0.19525771830517596,0.0001327758890900302,1,-0.29817263018186513,-8.523687652745939e-05,0.0,0.0,week3_scan;z_diag=0+i*eta;origin=xi_k=2t(1-cos k);E0_Born_VC=NOT_COMPUTED;no_train
0.45,0.5,46,-0.19525771830517596,0.0001327758890900302,1,-0.29817263018186513,-8.523687652745939e-05,0.0,0.0,week3_scan;z_diag=0+i*eta;origin=xi_k=2t(1-cos k);E0_Born_VC=NOT_COMPUTED;no_train
0.45,0.5,47,-0.19525771830517596,0.0001327758890900302,1,-0.29817263018186513,-8.523687652745939e-05,0.0,0.0,week3_scan;z_diag=0+i*eta;origin=xi_k=2t(1-cos k);E0_Born_VC=NOT_COMPUTED;no_train
0.45,0.5,48,-0.19525771830517596,0.0001327758890900302,1,-0.29817263018186513,-8.523687652745939e-05,0.0,0.0,week3_scan;z_diag=0+i*eta;origin=xi_k=2t(1-cos k);E0_Born_VC=NOT_COMPUTED;no_train
0.45,0.5,49,-0.19525771830517596,0.0001327758890900302,1,-0.29817263018186513,-8.523687652745939e-05,0.0,0.0,week3_scan;z_diag=0+i*eta;origin=xi_k=2t(1-cos k);E0_Born_VC=NOT_COMPUTED;no_train
0.45,0.5,50,-0.19525771830517596,0.0001327758890900302,1,-0.29817263018186513,-8.523687652745939e-05,0.0,0.0,week3_scan;z_diag=0+i*eta;origin=xi_k=2t(1-cos k);E0_Born_VC=NOT_COMPUTED;no_train
0.45,0.5,51,-0.19525771830517596,0.0001327758890900302,1,-0.29817263018186513,-8.523687652745939e-05,0.0,0.0,week3_scan;z_diag=0+i*eta;origin=xi_k=2t(1-cos k);E0_Born_VC=NOT_COMPUTED;no_train
0.45,0.5,52,-0.19525771830517596,0.0001327758890900302,1,-0.29817263018186513,-8.523687652745939e-05,0.0,0.0,week3_scan;z_diag=0+i*eta;origin=xi_k=2t(1-cos k);E0_Born_VC=NOT_COMPUTED;no_train
0.45,0.5,53,-0.19525771830517596,0.0001327758890900302,1,-0.29817263018186513,-8.523687652745939e-05,0.0,0.0,week3_scan;z_diag=0+i*eta;origin=xi_k=2t(1-cos k);E0_Born_VC=NOT_COMPUTED;no_train
0.45,0.5,54,-0.19525771830517596,0.0001327758890900302,1,-0.29817263018186513,-8.523687652745939e-05,0.0,0.0,week3_scan;z_diag=0+i*eta;origin=xi_k=2t(1-cos k);E0_Born_VC=NOT_COMPUTED;no_train
0.45,0.5,55,-0.19525771830517596,0.0001327758890900302,1,-0.29817263018186513,-8.523687652745939e-05,0.0,0.0,week3_scan;z_diag=0+i*eta;origin=xi_k=2t(1-cos k);E0_Born_VC=NOT_COMPUTED;no_train
0.45,0.5,56,-0.19525771830517596,0.0001327758890900302,1,-0.29817263018186513,-8.523687652745939e-05,0.0,0.0,week3_scan;z_diag=0+i*eta;origin=xi_k=2t(1-cos k);E0_Born_VC=NOT_COMPUTED;no_train
0.45,0.5,57,-0.19525771830517596,0.0001327758890900302,1,-0.29817263018186513,-8.523687652745939e-05,0.0,0.0,week3_scan;z_diag=0+i*eta;origin=xi_k=2t(1-cos k);E0_Born_VC=NOT_COMPUTED;no_train
0.45,0.5,58,-0.19525771830517596,0.0001327758890900302,1,-0.29817263018186513,-8.523687652745939e-05,0.0,0.0,week3_scan;z_diag=0+i*eta;origin=xi_k=2t(1-cos k);E0_Born_VC=NOT_COMPUTED;no_train
0.45,0.5,59,-0.19525771830517596,0.0001327758890900302,1,-0.29817263018186513,-8.523687652745939e-05,0.0,0.0,week3_scan;z_diag=0+i*eta;origin=xi_k=2t(1-cos k);E0_Born_VC=NOT_COMPUTED;no_train
0.45,0.5,60,-0.19525771830517596,0.0001327758890900302,1,-0.29817263018186513,-8.523687652745939e-05,0.0,0.0,week3_scan;z_diag=0+i*eta;origin=xi_k=2t(1-cos k);E0_Born_VC=NOT_COMPUTED;no_train
0.45,0.5,61,-0.19525771830517596,0.0001327758890900302,1,-0.29817263018186513,-8.523687652745939e-05,0.0,0.0,week3_scan;z_diag=0+i*eta;origin=xi_k=2t(1-cos k);E0_Born_VC=NOT_COMPUTED;no_train
0.45,0.5,62,-0.19525771830517596,0.0001327758890900302,1,-0.29817263018186513,-8.523687652745939e-05,0.0,0.0,week3_scan;z_diag=0+i*eta;origin=xi_k=2t(1-cos k);E0_Born_VC=NOT_COMPUTED;no_train
0.45,0.5,63,-0.19525771830517596,0.0001327758890900302,1,-0.29817263018186513,-8.523687652745939e-05,0.0,0.0,week3_scan;z_diag=0+i*eta;origin=xi_k=2t(1-cos k);E0_Born_VC=NOT_COMPUTED;no_train
0.45,0.5,64,-0.19525771830517596,0.0001327758890900302,1,-0.29817263018186513,-8.523687652745939e-05,0.0,0.0,week3_scan;z_diag=0+i*eta;origin=xi_k=2t(1-cos k);E0_Born_VC=NOT_COMPUTED;no_train
0.45,0.8,0,-0.1294724791890623,0.00011213651921412096,1,-0.1476562480133057,-1.6259765377616887e-05,,,week3_scan;z_diag=0+i*eta;origin=xi_k=2t(1-cos k);E0_Born_VC=NOT_COMPUTED;no_train
0.45,0.8,1,-0.1382360350640663,0.00011455760898945734,1,-0.16234890089379025,-2.0918228062666996e-05,0.09050048023819493,0.07892513709399258,week3_scan;z_diag=0+i*eta;origin=xi_k=2t(1-cos k);E0_Born_VC=NOT_COMPUTED;no_train
0.45,0.8,2,-0.13849245338301958,0.00011465998665807077,1,-0.1628662205148584,-2.114694618759685e-05,0.003176347223092823,0.0032907823999427355,week3_scan;z_diag=0+i*eta;origin=xi_k=2t(1-cos k);E0_Born_VC=NOT_COMPUTED;no_train
0.45,0.8,3,-0.1384963318185761,0.00011466184324517123,1,-0.16287487103520953,-2.115141353695933e-05,5.311145529524828e-05,6.214354173659226e-05,week3_scan;z_diag=0+i*eta;origin=xi_k=2t(1-cos k);E0_Born_VC=NOT_COMPUTED;no_train
0.45,0.8,4,-0.13849636835436072,0.00011466186288498192,1,-0.16287495867122323,-2.115146349928049e-05,5.380570955407931e-07,6.910461707392278e-07,week3_scan;z_diag=0+i*eta;origin=xi_k=2t(1-cos k);E0_Born_VC=NOT_COMPUTED;no_train
0.45,0.8,5,-0.13849636859288111,0.00011466186302445445,1,-0.16287495927750498,-2.11514638707532e-05,3.7223761000932325e-09,5.16140022798901e-09,week3_scan;z_diag=0+i*eta;origin=xi_k=2t(1-cos k);E0_Born_VC=NOT_COMPUTED;no_train
0.45,0.8,6,-0.13849636859403075,0.00011466186302517406,1,-0.16287495928058002,-2.115146387274637e-05,1.887976430552599e-11,2.7945133060983115e-11,week3_scan;z_diag=0+i*eta;origin=xi_k=2t(1-cos k);E0_Born_VC=NOT_COMPUTED;no_train
0.45,0.8,7,-0.13849636859403075,0.00011466186302517706,1,-0.162874959280592,-2.1151463872754507e-05,7.361727903032663e-14,1.1538819874549394e-13,week3_scan;z_diag=0+i*eta;origin=xi_k=2t(1-cos k);E0_Born_VC=NOT_COMPUTED;no_train
0.45,0.8,8,-0.13849636859403075,0.00011466186302517706,1,-0.16287495928059204,-2.1151463872754534e-05,1.704104101641454e-16,3.854223596030272e-16,week3_scan;z_diag=0+i*eta;origin=xi_k=2t(1-cos k);E0_Born_VC=NOT_COMPUTED;no_train
0.45,0.8,9,-0.13849636859403075,0.00011466186302517706,1,-0.16287495928059204,-2.1151463872754534e-05,0.0,1.0444270804991094e-17,week3_scan;z_diag=0+i*eta;origin=xi_k=2t(1-cos k);E0_Born_VC=NOT_COMPUTED;no_train
0.45,0.8,10,-0.13849636859403075,0.00011466186302517706,1,-0.16287495928059204,-2.1151463872754534e-05,0.0,0.0,week3_scan;z_diag=0+i*eta;origin=xi_k=2t(1-cos k);E0_Born_VC=NOT_COMPUTED;no_train
0.45,0.8,11,-0.13849636859403075,0.00011466186302517706,1,-0.16287495928059204,-2.1151463872754534e-05,0.0,0.0,week3_scan;z_diag=0+i*eta;origin=xi_k=2t(1-cos k);E0_Born_VC=NOT_COMPUTED;no_train
0.45,0.8,12,-0.13849636859403075,0.00011466186302517706,1,-0.16287495928059204,-2.1151463872754534e-05,0.0,0.0,week3_scan;z_diag=0+i*eta;origin=xi_k=2t(1-cos k);E0_Born_VC=NOT_COMPUTED;no_train
0.45,0.8,13,-0.13849636859403075,0.00011466186302517706,1,-0.16287495928059204,-2.1151463872754534e-05,0.0,0.0,week3_scan;z_diag=0+i*eta;origin=xi_k=2t(1-cos k);E0_Born_VC=NOT_COMPUTED;no_train
0.45,0.8,14,-0.13849636859403075,0.00011466186302517706,1,-0.16287495928059204,-2.1151463872754534e-05,0.0,0.0,week3_scan;z_diag=0+i*eta;origin=xi_k=2t(1-cos k);E0_Born_VC=NOT_COMPUTED;no_train
0.45,0.8,15,-0.13849636859403075,0.00011466186302517706,1,-0.16287495928059204,-2.1151463872754534e-05,0.0,0.0,week3_scan;z_diag=0+i*eta;origin=xi_k=2t(1-cos k);E0_Born_VC=NOT_COMPUTED;no_train
0.45,0.8,16,-0.13849636859403075,0.00011466186302517706,1,-0.16287495928059204,-2.1151463872754534e-05,0.0,0.0,week3_scan;z_diag=0+i*eta;origin=xi_k=2t(1-cos k);E0_Born_VC=NOT_COMPUTED;no_train
0.45,0.8,17,-0.13849636859403075,0.00011466186302517706,1,-0.16287495928059204,-2.1151463872754534e-05,0.0,0.0,week3_scan;z_diag=0+i*eta;origin=xi_k=2t(1-cos k);E0_Born_VC=NOT_COMPUTED;no_train
0.45,0.8,18,-0.13849636859403075,0.00011466186302517706,1,-0.16287495928059204,-2.1151463872754534e-05,0.0,0.0,week3_scan;z_diag=0+i*eta;origin=xi_k=2t(1-cos k);E0_Born_VC=NOT_COMPUTED;no_train
0.45,0.8,19,-0.13849636859403075,0.00011466186302517706,1,-0.16287495928059204,-2.1151463872754534e-05,0.0,0.0,week3_scan;z_diag=0+i*eta;origin=xi_k=2t(1-cos k);E0_Born_VC=NOT_COMPUTED;no_train
0.45,0.8,20,-0.13849636859403075,0.00011466186302517706,1,-0.16287495928059204,-2.1151463872754534e-05,0.0,0.0,week3_scan;z_diag=0+i*eta;origin=xi_k=2t(1-cos k);E0_Born_VC=NOT_COMPUTED;no_train
0.45,0.8,21,-0.13849636859403075,0.00011466186302517706,1,-0.16287495928059204,-2.1151463872754534e-05,0.0,0.0,week3_scan;z_diag=0+i*eta;origin=xi_k=2t(1-cos k);E0_Born_VC=NOT_COMPUTED;no_train
0.45,0.8,22,-0.13849636859403075,0.00011466186302517706,1,-0.16287495928059204,-2.1151463872754534e-05,0.0,0.0,week3_scan;z_diag=0+i*eta;origin=xi_k=2t(1-cos k);E0_Born_VC=NOT_COMPUTED;no_train
0.45,0.8,23,-0.13849636859403075,0.00011466186302517706,1,-0.16287495928059204,-2.1151463872754534e-05,0.0,0.0,week3_scan;z_diag=0+i*eta;origin=xi_k=2t(1-cos k);E0_Born_VC=NOT_COMPUTED;no_train
0.45,0.8,24,-0.13849636859403075,0.00011466186302517706,1,-0.16287495928059204,-2.1151463872754534e-05,0.0,0.0,week3_scan;z_diag=0+i*eta;origin=xi_k=2t(1-cos k);E0_Born_VC=NOT_COMPUTED;no_train
0.45,0.8,25,-0.13849636859403075,0.00011466186302517706,1,-0.16287495928059204,-2.1151463872754534e-05,0.0,0.0,week3_scan;z_diag=0+i*eta;origin=xi_k=2t(1-cos k);E0_Born_VC=NOT_COMPUTED;no_train
0.45,0.8,26,-0.13849636859403075,0.00011466186302517706,1,-0.16287495928059204,-2.1151463872754534e-05,0.0,0.0,week3_scan;z_diag=0+i*eta;origin=xi_k=2t(1-cos k);E0_Born_VC=NOT_COMPUTED;no_train
0.45,0.8,27,-0.13849636859403075,0.00011466186302517706,1,-0.16287495928059204,-2.1151463872754534e-05,0.0,0.0,week3_scan;z_diag=0+i*eta;origin=xi_k=2t(1-cos k);E0_Born_VC=NOT_COMPUTED;no_train
0.45,0.8,28,-0.13849636859403075,0.00011466186302517706,1,-0.16287495928059204,-2.1151463872754534e-05,0.0,0.0,week3_scan;z_diag=0+i*eta;origin=xi_k=2t(1-cos k);E0_Born_VC=NOT_COMPUTED;no_train
0.45,0.8,29,-0.13849636859403075,0.00011466186302517706,1,-0.16287495928059204,-2.1151463872754534e-05,0.0,0.0,week3_scan;z_diag=0+i*eta;origin=xi_k=2t(1-cos k);E0_Born_VC=NOT_COMPUTED;no_train
0.45,0.8,30,-0.13849636859403075,0.00011466186302517706,1,-0.16287495928059204,-2.1151463872754534e-05,0.0,0.0,week3_scan;z_diag=0+i*eta;origin=xi_k=2t(1-cos k);E0_Born_VC=NOT_COMPUTED;no_train
0.45,0.8,31,-0.13849636859403075,0.00011466186302517706,1,-0.16287495928059204,-2.1151463872754534e-05,0.0,0.0,week3_scan;z_diag=0+i*eta;origin=xi_k=2t(1-cos k);E0_Born_VC=NOT_COMPUTED;no_train
0.45,0.8,32,-0.13849636859403075,0.00011466186302517706,1,-0.16287495928059204,-2.1151463872754534e-05,0.0,0.0,week3_scan;z_diag=0+i*eta;origin=xi_k=2t(1-cos k);E0_Born_VC=NOT_COMPUTED;no_train
0.45,0.8,33,-0.13849636859403075,0.00011466186302517706,1,-0.16287495928059204,-2.1151463872754534e-05,0.0,0.0,week3_scan;z_diag=0+i*eta;origin=xi_k=2t(1-cos k);E0_Born_VC=NOT_COMPUTED;no_train
0.45,0.8,34,-0.13849636859403075,0.00011466186302517706,1,-0.16287495928059204,-2.1151463872754534e-05,0.0,0.0,week3_scan;z_diag=0+i*eta;origin=xi_k=2t(1-cos k);E0_Born_VC=NOT_COMPUTED;no_train
0.45,0.8,35,-0.13849636859403075,0.00011466186302517706,1,-0.16287495928059204,-2.1151463872754534e-05,0.0,0.0,week3_scan;z_diag=0+i*eta;origin=xi_k=2t(1-cos k);E0_Born_VC=NOT_COMPUTED;no_train
0.45,0.8,36,-0.13849636859403075,0.00011466186302517706,1,-0.16287495928059204,-2.1151463872754534e-05,0.0,0.0,week3_scan;z_diag=0+i*eta;origin=xi_k=2t(1-cos k);E0_Born_VC=NOT_COMPUTED;no_train
0.45,0.8,37,-0.13849636859403075,0.00011466186302517706,1,-0.16287495928059204,-2.1151463872754534e-05,0.0,0.0,week3_scan;z_diag=0+i*eta;origin=xi_k=2t(1-cos k);E0_Born_VC=NOT_COMPUTED;no_train
0.45,0.8,38,-0.13849636859403075,0.00011466186302517706,1,-0.16287495928059204,-2.1151463872754534e-05,0.0,0.0,week3_scan;z_diag=0+i*eta;origin=xi_k=2t(1-cos k);E0_Born_VC=NOT_COMPUTED;no_train
0.45,0.8,39,-0.13849636859403075,0.00011466186302517706,1,-0.16287495928059204,-2.1151463872754534e-05,0.0,0.0,week3_scan;z_diag=0+i*eta;origin=xi_k=2t(1-cos k);E0_Born_VC=NOT_COMPUTED;no_train
0.45,0.8,40,-0.13849636859403075,0.00011466186302517706,1,-0.16287495928059204,-2.1151463872754534e-05,0.0,0.0,week3_scan;z_diag=0+i*eta;origin=xi_k=2t(1-cos k);E0_Born_VC=NOT_COMPUTED;no_train
0.45,0.8,41,-0.13849636859403075,0.00011466186302517706,1,-0.16287495928059204,-2.1151463872754534e-05,0.0,0.0,week3_scan;z_diag=0+i*eta;origin=xi_k=2t(1-cos k);E0_Born_VC=NOT_COMPUTED;no_train
0.45,0.8,42,-0.13849636859403075,0.00011466186302517706,1,-0.16287495928059204,-2.1151463872754534e-05,0.0,0.0,week3_scan;z_diag=0+i*eta;origin=xi_k=2t(1-cos k);E0_Born_VC=NOT_COMPUTED;no_train
0.45,0.8,43,-0.13849636859403075,0.00011466186302517706,1,-0.16287495928059204,-2.1151463872754534e-05,0.0,0.0,week3_scan;z_diag=0+i*eta;origin=xi_k=2t(1-cos k);E0_Born_VC=NOT_COMPUTED;no_train
0.45,0.8,44,-0.13849636859403075,0.00011466186302517706,1,-0.16287495928059204,-2.1151463872754534e-05,0.0,0.0,week3_scan;z_diag=0+i*eta;origin=xi_k=2t(1-cos k);E0_Born_VC=NOT_COMPUTED;no_train
0.45,0.8,45,-0.13849636859403075,0.00011466186302517706,1,-0.16287495928059204,-2.1151463872754534e-05,0.0,0.0,week3_scan;z_diag=0+i*eta;origin=xi_k=2t(1-cos k);E0_Born_VC=NOT_COMPUTED;no_train
0.45,0.8,46,-0.13849636859403075,0.00011466186302517706,1,-0.16287495928059204,-2.1151463872754534e-05,0.0,0.0,week3_scan;z_diag=0+i*eta;origin=xi_k=2t(1-cos k);E0_Born_VC=NOT_COMPUTED;no_train
0.45,0.8,47,-0.13849636859403075,0.00011466186302517706,1,-0.16287495928059204,-2.1151463872754534e-05,0.0,0.0,week3_scan;z_diag=0+i*eta;origin=xi_k=2t(1-cos k);E0_Born_VC=NOT_COMPUTED;no_train
0.45,0.8,48,-0.13849636859403075,0.00011466186302517706,1,-0.16287495928059204,-2.1151463872754534e-05,0.0,0.0,week3_scan;z_diag=0+i*eta;origin=xi_k=2t(1-cos k);E0_Born_VC=NOT_COMPUTED;no_train
0.45,0.8,49,-0.13849636859403075,0.00011466186302517706,1,-0.16287495928059204,-2.1151463872754534e-05,0.0,0.0,week3_scan;z_diag=0+i*eta;origin=xi_k=2t(1-cos k);E0_Born_VC=NOT_COMPUTED;no_train
0.45,0.8,50,-0.13849636859403075,0.00011466186302517706,1,-0.16287495928059204,-2.1151463872754534e-05,0.0,0.0,week3_scan;z_diag=0+i*eta;origin=xi_k=2t(1-cos k);E0_Born_VC=NOT_COMPUTED;no_train
0.45,0.8,51,-0.13849636859403075,0.00011466186302517706,1,-0.16287495928059204,-2.1151463872754534e-05,0.0,0.0,week3_scan;z_diag=0+i*eta;origin=xi_k=2t(1-cos k);E0_Born_VC=NOT_COMPUTED;no_train
0.45,0.8,52,-0.13849636859403075,0.00011466186302517706,1,-0.16287495928059204,-2.1151463872754534e-05,0.0,0.0,week3_scan;z_diag=0+i*eta;origin=xi_k=2t(1-cos k);E0_Born_VC=NOT_COMPUTED;no_train
0.45,0.8,53,-0.13849636859403075,0.00011466186302517706,1,-0.16287495928059204,-2.1151463872754534e-05,0.0,0.0,week3_scan;z_diag=0+i*eta;origin=xi_k=2t(1-cos k);E0_Born_VC=NOT_COMPUTED;no_train
0.45,0.8,54,-0.13849636859403075,0.00011466186302517706,1,-0.16287495928059204,-2.1151463872754534e-05,0.0,0.0,week3_scan;z_diag=0+i*eta;origin=xi_k=2t(1-cos k);E0_Born_VC=NOT_COMPUTED;no_train
0.45,0.8,55,-0.13849636859403075,0.00011466186302517706,1,-0.16287495928059204,-2.1151463872754534e-05,0.0,0.0,week3_scan;z_diag=0+i*eta;origin=xi_k=2t(1-cos k);E0_Born_VC=NOT_COMPUTED;no_train
0.45,0.8,56,-0.13849636859403075,0.00011466186302517706,1,-0.16287495928059204,-2.1151463872754534e-05,0.0,0.0,week3_scan;z_diag=0+i*eta;origin=xi_k=2t(1-cos k);E0_Born_VC=NOT_COMPUTED;no_train
0.45,0.8,57,-0.13849636859403075,0.00011466186302517706,1,-0.16287495928059204,-2.1151463872754534e-05,0.0,0.0,week3_scan;z_diag=0+i*eta;origin=xi_k=2t(1-cos k);E0_Born_VC=NOT_COMPUTED;no_train
0.45,0.8,58,-0.13849636859403075,0.00011466186302517706,1,-0.16287495928059204,-2.1151463872754534e-05,0.0,0.0,week3_scan;z_diag=0+i*eta;origin=xi_k=2t(1-cos k);E0_Born_VC=NOT_COMPUTED;no_train
0.45,0.8,59,-0.13849636859403075,0.00011466186302517706,1,-0.16287495928059204,-2.1151463872754534e-05,0.0,0.0,week3_scan;z_diag=0+i*eta;origin=xi_k=2t(1-cos k);E0_Born_VC=NOT_COMPUTED;no_train
0.45,0.8,60,-0.13849636859403075,0.00011466186302517706,1,-0.16287495928059204,-2.1151463872754534e-05,0.0,0.0,week3_scan;z_diag=0+i*eta;origin=xi_k=2t(1-cos k);E0_Born_VC=NOT_COMPUTED;no_train
0.45,0.8,61,-0.13849636859403075,0.00011466186302517706,1,-0.16287495928059204,-2.1151463872754534e-05,0.0,0.0,week3_scan;z_diag=0+i*eta;origin=xi_k=2t(1-cos k);E0_Born_VC=NOT_COMPUTED;no_train
0.45,0.8,62,-0.13849636859403075,0.00011466186302517706,1,-0.16287495928059204,-2.1151463872754534e-05,0.0,0.0,week3_scan;z_diag=0+i*eta;origin=xi_k=2t(1-cos k);E0_Born_VC=NOT_COMPUTED;no_train
0.45,0.8,63,-0.13849636859403075,0.00011466186302517706,1,-0.16287495928059204,-2.1151463872754534e-05,0.0,0.0,week3_scan;z_diag=0+i*eta;origin=xi_k=2t(1-cos k);E0_Born_VC=NOT_COMPUTED;no_train
0.45,0.8,64,-0.13849636859403075,0.00011466186302517706,1,-0.16287495928059204,-2.1151463872754534e-05,0.0,0.0,week3_scan;z_diag=0+i*eta;origin=xi_k=2t(1-cos k);E0_Born_VC=NOT_COMPUTED;no_train
0.45,2.0,0,-0.0657068991711276,0.00010264797057175425,1,-0.06749999986875001,-2.8124999935937502e-06,,,week3_scan;z_diag=0+i*eta;origin=xi_k=2t(1-cos k);E0_Born_VC=NOT_COMPUTED;no_train
0.45,2.0,1,-0.06668869754437745,0.00010275837592413699,1,-0.06858714968066677,-2.938068015631214e-06,0.01585063416737124,0.010029078961313397,week3_scan;z_diag=0+i*eta;origin=xi_k=2t(1-cos k);E0_Born_VC=NOT_COMPUTED;no_train
0.45,2.0,2,-0.06669420149635677,0.0001027592164850459,1,-0.06859341409504485,-2.9390416863541614e-06,9.13267626439628e-05,5.334728042626553e-05,week3_scan;z_diag=0+i*eta;origin=xi_k=2t(1-cos k);E0_Born_VC=NOT_COMPUTED;no_train
0.45,2.0,3,-0.06669421780560496,0.00010275921942052577,1,-0.06859343299104775,-2.9390451300345295e-06,2.75478312919492e-07,1.572312952892519e-07,week3_scan;z_diag=0+i*eta;origin=xi_k=2t(1-cos k);E0_Born_VC=NOT_COMPUTED;no_train
0.45,2.0,4,-0.06669421783601848,0.00010275921942663563,1,-0.06859343302676148,-2.939045137276744e-06,5.206580684286671e-10,2.950717787917607e-10,week3_scan;z_diag=0+i*eta;origin=xi_k=2t(1-cos k);E0_Born_VC=NOT_COMPUTED;no_train
0.45,2.0,5,-0.06669421783604758,0.00010275921942664421,1,-0.06859343302680809,-2.939045137286977e-06,6.795911542816545e-13,3.848397705048804e-13,week3_scan;z_diag=0+i*eta;origin=xi_k=2t(1-cos k);E0_Born_VC=NOT_COMPUTED;no_train
0.45,2.0,6,-0.06669421783604758,0.00010275921942664422,1,-0.06859343302680813,-2.9390451372869878e-06,6.069584637246153e-16,3.8242415641653046e-16,week3_scan;z_diag=0+i*eta;origin=xi_k=2t(1-cos k);E0_Born_VC=NOT_COMPUTED;no_train
0.45,2.0,7,-0.06669421783604758,0.00010275921942664422,1,-0.06859343302680813,-2.9390451372869878e-06,0.0,6.075297099699455e-18,week3_scan;z_diag=0+i*eta;origin=xi_k=2t(1-cos k);E0_Born_VC=NOT_COMPUTED;no_train
0.45,2.0,8,-0.06669421783604758,0.00010275921942664422,1,-0.06859343302680813,-2.9390451372869878e-06,0.0,0.0,week3_scan;z_diag=0+i*eta;origin=xi_k=2t(1-cos k);E0_Born_VC=NOT_COMPUTED;no_train
0.45,2.0,9,-0.06669421783604758,0.00010275921942664422,1,-0.06859343302680813,-2.9390451372869878e-06,0.0,0.0,week3_scan;z_diag=0+i*eta;origin=xi_k=2t(1-cos k);E0_Born_VC=NOT_COMPUTED;no_train
0.45,2.0,10,-0.06669421783604758,0.00010275921942664422,1,-0.06859343302680813,-2.9390451372869878e-06,0.0,0.0,week3_scan;z_diag=0+i*eta;origin=xi_k=2t(1-cos k);E0_Born_VC=NOT_COMPUTED;no_train
0.45,2.0,11,-0.06669421783604758,0.00010275921942664422,1,-0.06859343302680813,-2.9390451372869878e-06,0.0,0.0,week3_scan;z_diag=0+i*eta;origin=xi_k=2t(1-cos k);E0_Born_VC=NOT_COMPUTED;no_train
0.45,2.0,12,-0.06669421783604758,0.00010275921942664422,1,-0.06859343302680813,-2.9390451372869878e-06,0.0,0.0,week3_scan;z_diag=0+i*eta;origin=xi_k=2t(1-cos k);E0_Born_VC=NOT_COMPUTED;no_train
0.45,2.0,13,-0.06669421783604758,0.00010275921942664422,1,-0.06859343302680813,-2.9390451372869878e-06,0.0,0.0,week3_scan;z_diag=0+i*eta;origin=xi_k=2t(1-cos k);E0_Born_VC=NOT_COMPUTED;no_train
0.45,2.0,14,-0.06669421783604758,0.00010275921942664422,1,-0.06859343302680813,-2.9390451372869878e-06,0.0,0.0,week3_scan;z_diag=0+i*eta;origin=xi_k=2t(1-cos k);E0_Born_VC=NOT_COMPUTED;no_train
0.45,2.0,15,-0.06669421783604758,0.00010275921942664422,1,-0.06859343302680813,-2.9390451372869878e-06,0.0,0.0,week3_scan;z_diag=0+i*eta;origin=xi_k=2t(1-cos k);E0_Born_VC=NOT_COMPUTED;no_train
0.45,2.0,16,-0.06669421783604758,0.00010275921942664422,1,-0.06859343302680813,-2.9390451372869878e-06,0.0,0.0,week3_scan;z_diag=0+i*eta;origin=xi_k=2t(1-cos k);E0_Born_VC=NOT_COMPUTED;no_train
0.45,2.0,17,-0.06669421783604758,0.00010275921942664422,1,-0.06859343302680813,-2.9390451372869878e-06,0.0,0.0,week3_scan;z_diag=0+i*eta;origin=xi_k=2t(1-cos k);E0_Born_VC=NOT_COMPUTED;no_train
0.45,2.0,18,-0.06669421783604758,0.00010275921942664422,1,-0.06859343302680813,-2.9390451372869878e-06,0.0,0.0,week3_scan;z_diag=0+i*eta;origin=xi_k=2t(1-cos k);E0_Born_VC=NOT_COMPUTED;no_train
0.45,2.0,19,-0.06669421783604758,0.00010275921942664422,1,-0.06859343302680813,-2.9390451372869878e-06,0.0,0.0,week3_scan;z_diag=0+i*eta;origin=xi_k=2t(1-cos k);E0_Born_VC=NOT_COMPUTED;no_train
0.45,2.0,20,-0.06669421783604758,0.00010275921942664422,1,-0.06859343302680813,-2.9390451372869878e-06,0.0,0.0,week3_scan;z_diag=0+i*eta;origin=xi_k=2t(1-cos k);E0_Born_VC=NOT_COMPUTED;no_train
0.45,2.0,21,-0.06669421783604758,0.00010275921942664422,1,-0.06859343302680813,-2.9390451372869878e-06,0.0,0.0,week3_scan;z_diag=0+i*eta;origin=xi_k=2t(1-cos k);E0_Born_VC=NOT_COMPUTED;no_train
0.45,2.0,22,-0.06669421783604758,0.00010275921942664422,1,-0.06859343302680813,-2.9390451372869878e-06,0.0,0.0,week3_scan;z_diag=0+i*eta;origin=xi_k=2t(1-cos k);E0_Born_VC=NOT_COMPUTED;no_train
0.45,2.0,23,-0.06669421783604758,0.00010275921942664422,1,-0.06859343302680813,-2.9390451372869878e-06,0.0,0.0,week3_scan;z_diag=0+i*eta;origin=xi_k=2t(1-cos k);E0_Born_VC=NOT_COMPUTED;no_train
0.45,2.0,24,-0.06669421783604758,0.00010275921942664422,1,-0.06859343302680813,-2.9390451372869878e-06,0.0,0.0,week3_scan;z_diag=0+i*eta;origin=xi_k=2t(1-cos k);E0_Born_VC=NOT_COMPUTED;no_train
0.45,2.0,25,-0.06669421783604758,0.00010275921942664422,1,-0.06859343302680813,-2.9390451372869878e-06,0.0,0.0,week3_scan;z_diag=0+i*eta;origin=xi_k=2t(1-cos k);E0_Born_VC=NOT_COMPUTED;no_train
0.45,2.0,26,-0.06669421783604758,0.00010275921942664422,1,-0.06859343302680813,-2.9390451372869878e-06,0.0,0.0,week3_scan;z_diag=0+i*eta;origin=xi_k=2t(1-cos k);E0_Born_VC=NOT_COMPUTED;no_train
0.45,2.0,27,-0.06669421783604758,0.00010275921942664422,1,-0.06859343302680813,-2.9390451372869878e-06,0.0,0.0,week3_scan;z_diag=0+i*eta;origin=xi_k=2t(1-cos k);E0_Born_VC=NOT_COMPUTED;no_train
0.45,2.0,28,-0.06669421783604758,0.00010275921942664422,1,-0.06859343302680813,-2.9390451372869878e-06,0.0,0.0,week3_scan;z_diag=0+i*eta;origin=xi_k=2t(1-cos k);E0_Born_VC=NOT_COMPUTED;no_train
0.45,2.0,29,-0.06669421783604758,0.00010275921942664422,1,-0.06859343302680813,-2.9390451372869878e-06,0.0,0.0,week3_scan;z_diag=0+i*eta;origin=xi_k=2t(1-cos k);E0_Born_VC=NOT_COMPUTED;no_train
0.45,2.0,30,-0.06669421783604758,0.00010275921942664422,1,-0.06859343302680813,-2.9390451372869878e-06,0.0,0.0,week3_scan;z_diag=0+i*eta;origin=xi_k=2t(1-cos k);E0_Born_VC=NOT_COMPUTED;no_train
0.45,2.0,31,-0.06669421783604758,0.00010275921942664422,1,-0.06859343302680813,-2.9390451372869878e-06,0.0,0.0,week3_scan;z_diag=0+i*eta;origin=xi_k=2t(1-cos k);E0_Born_VC=NOT_COMPUTED;no_train
0.45,2.0,32,-0.06669421783604758,0.00010275921942664422,1,-0.06859343302680813,-2.9390451372869878e-06,0.0,0.0,week3_scan;z_diag=0+i*eta;origin=xi_k=2t(1-cos k);E0_Born_VC=NOT_COMPUTED;no_train
0.45,2.0,33,-0.06669421783604758,0.00010275921942664422,1,-0.06859343302680813,-2.9390451372869878e-06,0.0,0.0,week3_scan;z_diag=0+i*eta;origin=xi_k=2t(1-cos k);E0_Born_VC=NOT_COMPUTED;no_train
0.45,2.0,34,-0.06669421783604758,0.00010275921942664422,1,-0.06859343302680813,-2.9390451372869878e-06,0.0,0.0,week3_scan;z_diag=0+i*eta;origin=xi_k=2t(1-cos k);E0_Born_VC=NOT_COMPUTED;no_train
0.45,2.0,35,-0.06669421783604758,0.00010275921942664422,1,-0.06859343302680813,-2.9390451372869878e-06,0.0,0.0,week3_scan;z_diag=0+i*eta;origin=xi_k=2t(1-cos k);E0_Born_VC=NOT_COMPUTED;no_train
0.45,2.0,36,-0.06669421783604758,0.00010275921942664422,1,-0.06859343302680813,-2.9390451372869878e-06,0.0,0.0,week3_scan;z_diag=0+i*eta;origin=xi_k=2t(1-cos k);E0_Born_VC=NOT_COMPUTED;no_train
0.45,2.0,37,-0.06669421783604758,0.00010275921942664422,1,-0.06859343302680813,-2.9390451372869878e-06,0.0,0.0,week3_scan;z_diag=0+i*eta;origin=xi_k=2t(1-cos k);E0_Born_VC=NOT_COMPUTED;no_train
0.45,2.0,38,-0.06669421783604758,0.00010275921942664422,1,-0.06859343302680813,-2.9390451372869878e-06,0.0,0.0,week3_scan;z_diag=0+i*eta;origin=xi_k=2t(1-cos k);E0_Born_VC=NOT_COMPUTED;no_train
0.45,2.0,39,-0.06669421783604758,0.00010275921942664422,1,-0.06859343302680813,-2.9390451372869878e-06,0.0,0.0,week3_scan;z_diag=0+i*eta;origin=xi_k=2t(1-cos k);E0_Born_VC=NOT_COMPUTED;no_train
0.45,2.0,40,-0.06669421783604758,0.00010275921942664422,1,-0.06859343302680813,-2.9390451372869878e-06,0.0,0.0,week3_scan;z_diag=0+i*eta;origin=xi_k=2t(1-cos k);E0_Born_VC=NOT_COMPUTED;no_train
0.45,2.0,41,-0.06669421783604758,0.00010275921942664422,1,-0.06859343302680813,-2.9390451372869878e-06,0.0,0.0,week3_scan;z_diag=0+i*eta;origin=xi_k=2t(1-cos k);E0_Born_VC=NOT_COMPUTED;no_train
0.45,2.0,42,-0.06669421783604758,0.00010275921942664422,1,-0.06859343302680813,-2.9390451372869878e-06,0.0,0.0,week3_scan;z_diag=0+i*eta;origin=xi_k=2t(1-cos k);E0_Born_VC=NOT_COMPUTED;no_train
0.45,2.0,43,-0.06669421783604758,0.00010275921942664422,1,-0.06859343302680813,-2.9390451372869878e-06,0.0,0.0,week3_scan;z_diag=0+i*eta;origin=xi_k=2t(1-cos k);E0_Born_VC=NOT_COMPUTED;no_train
0.45,2.0,44,-0.06669421783604758,0.00010275921942664422,1,-0.06859343302680813,-2.9390451372869878e-06,0.0,0.0,week3_scan;z_diag=0+i*eta;origin=xi_k=2t(1-cos k);E0_Born_VC=NOT_COMPUTED;no_train
0.45,2.0,45,-0.06669421783604758,0.00010275921942664422,1,-0.06859343302680813,-2.9390451372869878e-06,0.0,0.0,week3_scan;z_diag=0+i*eta;origin=xi_k=2t(1-cos k);E0_Born_VC=NOT_COMPUTED;no_train
0.45,2.0,46,-0.06669421783604758,0.00010275921942664422,1,-0.06859343302680813,-2.9390451372869878e-06,0.0,0.0,week3_scan;z_diag=0+i*eta;origin=xi_k=2t(1-cos k);E0_Born_VC=NOT_COMPUTED;no_train
0.45,2.0,47,-0.06669421783604758,0.00010275921942664422,1,-0.06859343302680813,-2.9390451372869878e-06,0.0,0.0,week3_scan;z_diag=0+i*eta;origin=xi_k=2t(1-cos k);E0_Born_VC=NOT_COMPUTED;no_train
0.45,2.0,48,-0.06669421783604758,0.00010275921942664422,1,-0.06859343302680813,-2.9390451372869878e-06,0.0,0.0,week3_scan;z_diag=0+i*eta;origin=xi_k=2t(1-cos k);E0_Born_VC=NOT_COMPUTED;no_train
0.45,2.0,49,-0.06669421783604758,0.00010275921942664422,1,-0.06859343302680813,-2.9390451372869878e-06,0.0,0.0,week3_scan;z_diag=0+i*eta;origin=xi_k=2t(1-cos k);E0_Born_VC=NOT_COMPUTED;no_train
0.45,2.0,50,-0.06669421783604758,0.00010275921942664422,1,-0.06859343302680813,-2.9390451372869878e-06,0.0,0.0,week3_scan;z_diag=0+i*eta;origin=xi_k=2t(1-cos k);E0_Born_VC=NOT_COMPUTED;no_train
0.45,2.0,51,-0.06669421783604758,0.00010275921942664422,1,-0.06859343302680813,-2.9390451372869878e-06,0.0,0.0,week3_scan;z_diag=0+i*eta;origin=xi_k=2t(1-cos k);E0_Born_VC=NOT_COMPUTED;no_train
0.45,2.0,52,-0.06669421783604758,0.00010275921942664422,1,-0.06859343302680813,-2.9390451372869878e-06,0.0,0.0,week3_scan;z_diag=0+i*eta;origin=xi_k=2t(1-cos k);E0_Born_VC=NOT_COMPUTED;no_train
0.45,2.0,53,-0.06669421783604758,0.00010275921942664422,1,-0.06859343302680813,-2.9390451372869878e-06,0.0,0.0,week3_scan;z_diag=0+i*eta;origin=xi_k=2t(1-cos k);E0_Born_VC=NOT_COMPUTED;no_train
0.45,2.0,54,-0.06669421783604758,0.00010275921942664422,1,-0.06859343302680813,-2.9390451372869878e-06,0.0,0.0,week3_scan;z_diag=0+i*eta;origin=xi_k=2t(1-cos k);E0_Born_VC=NOT_COMPUTED;no_train
0.45,2.0,55,-0.06669421783604758,0.00010275921942664422,1,-0.06859343302680813,-2.9390451372869878e-06,0.0,0.0,week3_scan;z_diag=0+i*eta;origin=xi_k=2t(1-cos k);E0_Born_VC=NOT_COMPUTED;no_train
0.45,2.0,56,-0.06669421783604758,0.00010275921942664422,1,-0.06859343302680813,-2.9390451372869878e-06,0.0,0.0,week3_scan;z_diag=0+i*eta;origin=xi_k=2t(1-cos k);E0_Born_VC=NOT_COMPUTED;no_train
0.45,2.0,57,-0.06669421783604758,0.00010275921942664422,1,-0.06859343302680813,-2.9390451372869878e-06,0.0,0.0,week3_scan;z_diag=0+i*eta;origin=xi_k=2t(1-cos k);E0_Born_VC=NOT_COMPUTED;no_train
0.45,2.0,58,-0.06669421783604758,0.00010275921942664422,1,-0.06859343302680813,-2.9390451372869878e-06,0.0,0.0,week3_scan;z_diag=0+i*eta;origin=xi_k=2t(1-cos k);E0_Born_VC=NOT_COMPUTED;no_train
0.45,2.0,59,-0.06669421783604758,0.00010275921942664422,1,-0.06859343302680813,-2.9390451372869878e-06,0.0,0.0,week3_scan;z_diag=0+i*eta;origin=xi_k=2t(1-cos k);E0_Born_VC=NOT_COMPUTED;no_train
0.45,2.0,60,-0.06669421783604758,0.00010275921942664422,1,-0.06859343302680813,-2.9390451372869878e-06,0.0,0.0,week3_scan;z_diag=0+i*eta;origin=xi_k=2t(1-cos k);E0_Born_VC=NOT_COMPUTED;no_train
0.45,2.0,61,-0.06669421783604758,0.00010275921942664422,1,-0.06859343302680813,-2.9390451372869878e-06,0.0,0.0,week3_scan;z_diag=0+i*eta;origin=xi_k=2t(1-cos k);E0_Born_VC=NOT_COMPUTED;no_train
0.45,2.0,62,-0.06669421783604758,0.00010275921942664422,1,-0.06859343302680813,-2.9390451372869878e-06,0.0,0.0,week3_scan;z_diag=0+i*eta;origin=xi_k=2t(1-cos k);E0_Born_VC=NOT_COMPUTED;no_train
0.45,2.0,63,-0.06669421783604758,0.00010275921942664422,1,-0.06859343302680813,-2.9390451372869878e-06,0.0,0.0,week3_scan;z_diag=0+i*eta;origin=xi_k=2t(1-cos k);E0_Born_VC=NOT_COMPUTED;no_train
0.45,2.0,64,-0.06669421783604758,0.00010275921942664422,1,-0.06859343302680813,-2.9390451372869878e-06,0.0,0.0,week3_scan;z_diag=0+i*eta;origin=xi_k=2t(1-cos k);E0_Born_VC=NOT_COMPUTED;no_train
0.75,0.5,0,-0.37799064297560836,0.00013766684687152838,1,-0.6249999774691367,-0.00011388888438820319,,,week3_scan;z_diag=0+i*eta;origin=xi_k=2t(1-cos k);E0_Born_VC=NOT_COMPUTED;no_train
0.75,0.5,1,-0.45545949235471184,0.00016505517911351834,2,-1.7983356730830116,-0.001378724340977076,0.652456629805332,0.9999573030567066,week3_scan;z_diag=0+i*eta;origin=xi_k=2t(1-cos k);E0_Born_VC=NOT_COMPUTED;no_train
0.75,0.5,2,-0.4661330714831639,0.00017178721191630464,2,-4.001095453580387,-0.00860255008885283,0.5505408605507869,1.620712843435669,week3_scan;z_diag=0+i*eta;origin=xi_k=2t(1-cos k);E0_Born_VC=NOT_COMPUTED;no_train
0.75,0.5,3,-0.46701760137038906,0.00017252769925908419,2,-5.024534157615985,-0.014290203620383147,0.20369059833874056,1.7706213370824009,week3_scan;z_diag=0+i*eta;origin=xi_k=2t(1-cos k);E0_Born_VC=NOT_COMPUTED;no_train
0.75,0.5,4,-0.46706398891840906,0.00017257325800664397,2,-5.134791810268686,-0.015001900782026522,0.02147301839598524,1.1671168047962306,week3_scan;z_diag=0+i*eta;origin=xi_k=2t(1-cos k);E0_Born_VC=NOT_COMPUTED;no_train
0.75,0.5,5,-0.4670656820856236,0.00017257511004193304,2,-5.14057827134731,-0.015040205930151589,0.0011256638437892737,0.42066903526463784,week3_scan;z_diag=0+i*eta;origin=xi_k=2t(1-cos k);E0_Born_VC=NOT_COMPUTED;no_train
0.75,0.5,6,-0.46706572819327963,0.00017257516472552473,2,-5.140785362769645,-0.015041590949152658,4.028473329797504e-05,0.013131234240962608,week3_scan;z_diag=0+i*eta;origin=xi_k=2t(1-cos k);E0_Born_VC=NOT_COMPUTED;no_train
0.75,0.5,7,-0.46706572917420974,0.000172575165966399,2,-5.140790904709263,-0.015041628307018669,1.078052367852424e-06,0.0003548564441176783,week3_scan;z_diag=0+i*eta;origin=xi_k=2t(1-cos k);E0_Born_VC=NOT_COMPUTED;no_train
0.75,0.5,8,-0.46706572919106076,0.0001725751659888743,2,-5.14079102085769,-0.01504162909523612,2.2593916719143466e-08,7.548170106614238e-06,week3_scan;z_diag=0+i*eta;origin=xi_k=2t(1-cos k);E0_Born_VC=NOT_COMPUTED;no_train
0.75,0.5,9,-0.46706572919129363,0.00017257516598921012,2,-5.140791022826115,-0.015041629108672913,3.8291049921449443e-10,1.296230357026956e-07,week3_scan;z_diag=0+i*eta;origin=xi_k=2t(1-cos k);E0_Born_VC=NOT_COMPUTED;no_train
0.75,0.5,10,-0.46706572919129363,0.000172575165989215,2,-5.1407910228537546,-0.015041629108862566,5.376557122639513e-12,1.841421249125079e-09,week3_scan;z_diag=0+i*eta;origin=xi_k=2t(1-cos k);E0_Born_VC=NOT_COMPUTED;no_train
0.75,0.5,11,-0.46706572919129363,0.0001725751659892151,2,-5.140791022854074,-0.01504162910886478,6.219870340123672e-14,2.2013865691645934e-11,week3_scan;z_diag=0+i*eta;origin=xi_k=2t(1-cos k);E0_Born_VC=NOT_COMPUTED;no_train
0.75,0.5,12,-0.46706572919129363,0.0001725751659892151,2,-5.14079102285409,-0.015041629108864876,3.1099159143594893e-15,4.934520391059758e-13,week3_scan;z_diag=0+i*eta;origin=xi_k=2t(1-cos k);E0_Born_VC=NOT_COMPUTED;no_train
0.75,0.5,13,-0.46706572919129363,0.0001725751659892151,2,-5.14079102285409,-0.015041629108864876,0.0,1.832578975236985e-18,week3_scan;z_diag=0+i*eta;origin=xi_k=2t(1-cos k);E0_Born_VC=NOT_COMPUTED;no_train
0.75,0.5,14,-0.46706572919129363,0.0001725751659892151,2,-5.14079102285409,-0.015041629108864876,0.0,0.0,week3_scan;z_diag=0+i*eta;origin=xi_k=2t(1-cos k);E0_Born_VC=NOT_COMPUTED;no_train
0.75,0.5,15,-0.46706572919129363,0.0001725751659892151,2,-5.14079102285409,-0.015041629108864876,0.0,0.0,week3_scan;z_diag=0+i*eta;origin=xi_k=2t(1-cos k);E0_Born_VC=NOT_COMPUTED;no_train
0.75,0.5,16,-0.46706572919129363,0.0001725751659892151,2,-5.14079102285409,-0.015041629108864876,0.0,0.0,week3_scan;z_diag=0+i*eta;origin=xi_k=2t(1-cos k);E0_Born_VC=NOT_COMPUTED;no_train
0.75,0.5,17,-0.46706572919129363,0.0001725751659892151,2,-5.14079102285409,-0.015041629108864876,0.0,0.0,week3_scan;z_diag=0+i*eta;origin=xi_k=2t(1-cos k);E0_Born_VC=NOT_COMPUTED;no_train
0.75,0.5,18,-0.46706572919129363,0.0001725751659892151,2,-5.14079102285409,-0.015041629108864876,0.0,0.0,week3_scan;z_diag=0+i*eta;origin=xi_k=2t(1-cos k);E0_Born_VC=NOT_COMPUTED;no_train
0.75,0.5,19,-0.46706572919129363,0.0001725751659892151,2,-5.14079102285409,-0.015041629108864876,0.0,0.0,week3_scan;z_diag=0+i*eta;origin=xi_k=2t(1-cos k);E0_Born_VC=NOT_COMPUTED;no_train
0.75,0.5,20,-0.46706572919129363,0.0001725751659892151,2,-5.14079102285409,-0.015041629108864876,0.0,0.0,week3_scan;z_diag=0+i*eta;origin=xi_k=2t(1-cos k);E0_Born_VC=NOT_COMPUTED;no_train
0.75,0.5,21,-0.46706572919129363,0.0001725751659892151,2,-5.14079102285409,-0.015041629108864876,0.0,0.0,week3_scan;z_diag=0+i*eta;origin=xi_k=2t(1-cos k);E0_Born_VC=NOT_COMPUTED;no_train
0.75,0.5,22,-0.46706572919129363,0.0001725751659892151,2,-5.14079102285409,-0.015041629108864876,0.0,0.0,week3_scan;z_diag=0+i*eta;origin=xi_k=2t(1-cos k);E0_Born_VC=NOT_COMPUTED;no_train
0.75,0.5,23,-0.46706572919129363,0.0001725751659892151,2,-5.14079102285409,-0.015041629108864876,0.0,0.0,week3_scan;z_diag=0+i*eta;origin=xi_k=2t(1-cos k);E0_Born_VC=NOT_COMPUTED;no_train
0.75,0.5,24,-0.46706572919129363,0.0001725751659892151,2,-5.14079102285409,-0.015041629108864876,0.0,0.0,week3_scan;z_diag=0+i*eta;origin=xi_k=2t(1-cos k);E0_Born_VC=NOT_COMPUTED;no_train
0.75,0.5,25,-0.46706572919129363,0.0001725751659892151,2,-5.14079102285409,-0.015041629108864876,0.0,0.0,week3_scan;z_diag=0+i*eta;origin=xi_k=2t(1-cos k);E0_Born_VC=NOT_COMPUTED;no_train
0.75,0.5,26,-0.46706572919129363,0.0001725751659892151,2,-5.14079102285409,-0.015041629108864876,0.0,0.0,week3_scan;z_diag=0+i*eta;origin=xi_k=2t(1-cos k);E0_Born_VC=NOT_COMPUTED;no_train
0.75,0.5,27,-0.46706572919129363,0.0001725751659892151,2,-5.14079102285409,-0.015041629108864876,0.0,0.0,week3_scan;z_diag=0+i*eta;origin=xi_k=2t(1-cos k);E0_Born_VC=NOT_COMPUTED;no_train
0.75,0.5,28,-0.46706572919129363,0.0001725751659892151,2,-5.14079102285409,-0.015041629108864876,0.0,0.0,week3_scan;z_diag=0+i*eta;origin=xi_k=2t(1-cos k);E0_Born_VC=NOT_COMPUTED;no_train
0.75,0.5,29,-0.46706572919129363,0.0001725751659892151,2,-5.14079102285409,-0.015041629108864876,0.0,0.0,week3_scan;z_diag=0+i*eta;origin=xi_k=2t(1-cos k);E0_Born_VC=NOT_COMPUTED;no_train
0.75,0.5,30,-0.46706572919129363,0.0001725751659892151,2,-5.14079102285409,-0.015041629108864876,0.0,0.0,week3_scan;z_diag=0+i*eta;origin=xi_k=2t(1-cos k);E0_Born_VC=NOT_COMPUTED;no_train
0.75,0.5,31,-0.46706572919129363,0.0001725751659892151,2,-5.14079102285409,-0.015041629108864876,0.0,0.0,week3_scan;z_diag=0+i*eta;origin=xi_k=2t(1-cos k);E0_Born_VC=NOT_COMPUTED;no_train
0.75,0.5,32,-0.46706572919129363,0.0001725751659892151,2,-5.14079102285409,-0.015041629108864876,0.0,0.0,week3_scan;z_diag=0+i*eta;origin=xi_k=2t(1-cos k);E0_Born_VC=NOT_COMPUTED;no_train
0.75,0.5,33,-0.46706572919129363,0.0001725751659892151,2,-5.14079102285409,-0.015041629108864876,0.0,0.0,week3_scan;z_diag=0+i*eta;origin=xi_k=2t(1-cos k);E0_Born_VC=NOT_COMPUTED;no_train
0.75,0.5,34,-0.46706572919129363,0.0001725751659892151,2,-5.14079102285409,-0.015041629108864876,0.0,0.0,week3_scan;z_diag=0+i*eta;origin=xi_k=2t(1-cos k);E0_Born_VC=NOT_COMPUTED;no_train
0.75,0.5,35,-0.46706572919129363,0.0001725751659892151,2,-5.14079102285409,-0.015041629108864876,0.0,0.0,week3_scan;z_diag=0+i*eta;origin=xi_k=2t(1-cos k);E0_Born_VC=NOT_COMPUTED;no_train
0.75,0.5,36,-0.46706572919129363,0.0001725751659892151,2,-5.14079102285409,-0.015041629108864876,0.0,0.0,week3_scan;z_diag=0+i*eta;origin=xi_k=2t(1-cos k);E0_Born_VC=NOT_COMPUTED;no_train
0.75,0.5,37,-0.46706572919129363,0.0001725751659892151,2,-5.14079102285409,-0.015041629108864876,0.0,0.0,week3_scan;z_diag=0+i*eta;origin=xi_k=2t(1-cos k);E0_Born_VC=NOT_COMPUTED;no_train
0.75,0.5,38,-0.46706572919129363,0.0001725751659892151,2,-5.14079102285409,-0.015041629108864876,0.0,0.0,week3_scan;z_diag=0+i*eta;origin=xi_k=2t(1-cos k);E0_Born_VC=NOT_COMPUTED;no_train
0.75,0.5,39,-0.46706572919129363,0.0001725751659892151,2,-5.14079102285409,-0.015041629108864876,0.0,0.0,week3_scan;z_diag=0+i*eta;origin=xi_k=2t(1-cos k);E0_Born_VC=NOT_COMPUTED;no_train
0.75,0.5,40,-0.46706572919129363,0.0001725751659892151,2,-5.14079102285409,-0.015041629108864876,0.0,0.0,week3_scan;z_diag=0+i*eta;origin=xi_k=2t(1-cos k);E0_Born_VC=NOT_COMPUTED;no_train
0.75,0.5,41,-0.46706572919129363,0.0001725751659892151,2,-5.14079102285409,-0.015041629108864876,0.0,0.0,week3_scan;z_diag=0+i*eta;origin=xi_k=2t(1-cos k);E0_Born_VC=NOT_COMPUTED;no_train
0.75,0.5,42,-0.46706572919129363,0.0001725751659892151,2,-5.14079102285409,-0.015041629108864876,0.0,0.0,week3_scan;z_diag=0+i*eta;origin=xi_k=2t(1-cos k);E0_Born_VC=NOT_COMPUTED;no_train
0.75,0.5,43,-0.46706572919129363,0.0001725751659892151,2,-5.14079102285409,-0.015041629108864876,0.0,0.0,week3_scan;z_diag=0+i*eta;origin=xi_k=2t(1-cos k);E0_Born_VC=NOT_COMPUTED;no_train
0.75,0.5,44,-0.46706572919129363,0.0001725751659892151,2,-5.14079102285409,-0.015041629108864876,0.0,0.0,week3_scan;z_diag=0+i*eta;origin=xi_k=2t(1-cos k);E0_Born_VC=NOT_COMPUTED;no_train
0.75,0.5,45,-0.46706572919129363,0.0001725751659892151,2,-5.14079102285409,-0.015041629108864876,0.0,0.0,week3_scan;z_diag=0+i*eta;origin=xi_k=2t(1-cos k);E0_Born_VC=NOT_COMPUTED;no_train
0.75,0.5,46,-0.46706572919129363,0.0001725751659892151,2,-5.14079102285409,-0.015041629108864876,0.0,0.0,week3_scan;z_diag=0+i*eta;origin=xi_k=2t(1-cos k);E0_Born_VC=NOT_COMPUTED;no_train
0.75,0.5,47,-0.46706572919129363,0.0001725751659892151,2,-5.14079102285409,-0.015041629108864876,0.0,0.0,week3_scan;z_diag=0+i*eta;origin=xi_k=2t(1-cos k);E0_Born_VC=NOT_COMPUTED;no_train
0.75,0.5,48,-0.46706572919129363,0.0001725751659892151,2,-5.14079102285409,-0.015041629108864876,0.0,0.0,week3_scan;z_diag=0+i*eta;origin=xi_k=2t(1-cos k);E0_Born_VC=NOT_COMPUTED;no_train
0.75,0.5,49,-0.46706572919129363,0.0001725751659892151,2,-5.14079102285409,-0.015041629108864876,0.0,0.0,week3_scan;z_diag=0+i*eta;origin=xi_k=2t(1-cos k);E0_Born_VC=NOT_COMPUTED;no_train
0.75,0.5,50,-0.46706572919129363,0.0001725751659892151,2,-5.14079102285409,-0.015041629108864876,0.0,0.0,week3_scan;z_diag=0+i*eta;origin=xi_k=2t(1-cos k);E0_Born_VC=NOT_COMPUTED;no_train
0.75,0.5,51,-0.46706572919129363,0.0001725751659892151,2,-5.14079102285409,-0.015041629108864876,0.0,0.0,week3_scan;z_diag=0+i*eta;origin=xi_k=2t(1-cos k);E0_Born_VC=NOT_COMPUTED;no_train
0.75,0.5,52,-0.46706572919129363,0.0001725751659892151,2,-5.14079102285409,-0.015041629108864876,0.0,0.0,week3_scan;z_diag=0+i*eta;origin=xi_k=2t(1-cos k);E0_Born_VC=NOT_COMPUTED;no_train
0.75,0.5,53,-0.46706572919129363,0.0001725751659892151,2,-5.14079102285409,-0.015041629108864876,0.0,0.0,week3_scan;z_diag=0+i*eta;origin=xi_k=2t(1-cos k);E0_Born_VC=NOT_COMPUTED;no_train
0.75,0.5,54,-0.46706572919129363,0.0001725751659892151,2,-5.14079102285409,-0.015041629108864876,0.0,0.0,week3_scan;z_diag=0+i*eta;origin=xi_k=2t(1-cos k);E0_Born_VC=NOT_COMPUTED;no_train
0.75,0.5,55,-0.46706572919129363,0.0001725751659892151,2,-5.14079102285409,-0.015041629108864876,0.0,0.0,week3_scan;z_diag=0+i*eta;origin=xi_k=2t(1-cos k);E0_Born_VC=NOT_COMPUTED;no_train
0.75,0.5,56,-0.46706572919129363,0.0001725751659892151,2,-5.14079102285409,-0.015041629108864876,0.0,0.0,week3_scan;z_diag=0+i*eta;origin=xi_k=2t(1-cos k);E0_Born_VC=NOT_COMPUTED;no_train
0.75,0.5,57,-0.46706572919129363,0.0001725751659892151,2,-5.14079102285409,-0.015041629108864876,0.0,0.0,week3_scan;z_diag=0+i*eta;origin=xi_k=2t(1-cos k);E0_Born_VC=NOT_COMPUTED;no_train
0.75,0.5,58,-0.46706572919129363,0.0001725751659892151,2,-5.14079102285409,-0.015041629108864876,0.0,0.0,week3_scan;z_diag=0+i*eta;origin=xi_k=2t(1-cos k);E0_Born_VC=NOT_COMPUTED;no_train
0.75,0.5,59,-0.46706572919129363,0.0001725751659892151,2,-5.14079102285409,-0.015041629108864876,0.0,0.0,week3_scan;z_diag=0+i*eta;origin=xi_k=2t(1-cos k);E0_Born_VC=NOT_COMPUTED;no_train
0.75,0.5,60,-0.46706572919129363,0.0001725751659892151,2,-5.14079102285409,-0.015041629108864876,0.0,0.0,week3_scan;z_diag=0+i*eta;origin=xi_k=2t(1-cos k);E0_Born_VC=NOT_COMPUTED;no_train
0.75,0.5,61,-0.46706572919129363,0.0001725751659892151,2,-5.14079102285409,-0.015041629108864876,0.0,0.0,week3_scan;z_diag=0+i*eta;origin=xi_k=2t(1-cos k);E0_Born_VC=NOT_COMPUTED;no_train
0.75,0.5,62,-0.46706572919129363,0.0001725751659892151,2,-5.14079102285409,-0.015041629108864876,0.0,0.0,week3_scan;z_diag=0+i*eta;origin=xi_k=2t(1-cos k);E0_Born_VC=NOT_COMPUTED;no_train
0.75,0.5,63,-0.46706572919129363,0.0001725751659892151,2,-5.14079102285409,-0.015041629108864876,0.0,0.0,week3_scan;z_diag=0+i*eta;origin=xi_k=2t(1-cos k);E0_Born_VC=NOT_COMPUTED;no_train
0.75,0.5,64,-0.46706572919129363,0.0001725751659892151,2,-5.14079102285409,-0.015041629108864876,0.0,0.0,week3_scan;z_diag=0+i*eta;origin=xi_k=2t(1-cos k);E0_Born_VC=NOT_COMPUTED;no_train
0.75,0.8,0,-0.3087230871959763,0.00012395711568197502,1,-0.4101562444814047,-4.516601493782469e-05,,,week3_scan;z_diag=0+i*eta;origin=xi_k=2t(1-cos k);E0_Born_VC=NOT_COMPUTED;no_train
0.75,0.8,1,-0.35011008682663647,0.0001343496790717985,1,-0.5514752800403423,-9.70121724586032e-05,0.25625635091471716,0.25614562398695684,week3_scan;z_diag=0+i*eta;origin=xi_k=2t(1-cos k);E0_Born_VC=NOT_COMPUTED;no_train
0.75,0.8,2,-0.3531124820176772,0.00013554264551601453,1,-0.5705275629311874,-0.00010771503469765247,0.03339415445528157,0.050036707552075524,week3_scan;z_diag=0+i*eta;origin=xi_k=2t(1-cos k);E0_Born_VC=NOT_COMPUTED;no_train
0.75,0.8,3,-0.3532307153003782,0.0001356010499453964,1,-0.5715436747325306,-0.00010838555280573619,0.0017778378962566362,0.0033382815771959566,week3_scan;z_diag=0+i*eta;origin=xi_k=2t(1-cos k);E0_Born_VC=NOT_COMPUTED;no_train
0.75,0.8,4,-0.3532336247806667,0.00013560268885618522,1,-0.5715740330166319,-0.00010840737825342088,5.3113489499275984e-05,0.0001129018209382712,week3_scan;z_diag=0+i*eta;origin=xi_k=2t(1-cos k);E0_Born_VC=NOT_COMPUTED;no_train
0.75,0.8,5,-0.35323367461506827,0.0001356027196664955,1,-0.5715746371478867,-0.00010840783949049926,1.0569598102166387e-06,2.4640033353867637e-06,week3_scan;z_diag=0+i*eta;origin=xi_k=2t(1-cos k);E0_Born_VC=NOT_COMPUTED;no_train
0.75,0.8,6,-0.35323367525005567,0.00013560272008824776,1,-0.5715746458632743,-0.00010840784646249104,1.5248035105813976e-08,3.8352377176955555e-08,week3_scan;z_diag=0+i*eta;origin=xi_k=2t(1-cos k);E0_Born_VC=NOT_COMPUTED;no_train
0.75,0.8,7,-0.3532336752563421,0.00013560272009267686,1,-0.5715746459593404,-0.000108407846542328,1.680726675589877e-10,4.511685843774829e-10,week3_scan;z_diag=0+i*eta;origin=xi_k=2t(1-cos k);E0_Born_VC=NOT_COMPUTED;no_train
0.75,0.8,8,-0.35323367525640026,0.00013560272009271318,1,-0.5715746459601797,-0.00010840784654304837,1.468450195593712e-12,4.173609556804009e-12,week3_scan;z_diag=0+i*eta;origin=xi_k=2t(1-cos k);E0_Born_VC=NOT_COMPUTED;no_train
0.75,0.8,9,-0.35323367525640026,0.00013560272009271345,1,-0.5715746459601856,-0.0001084078465430536,1.0294690801408886e-14,3.126534758910122e-14,week3_scan;z_diag=0+i*eta;origin=xi_k=2t(1-cos k);E0_Born_VC=NOT_COMPUTED;no_train
0.75,0.8,10,-0.35323367525640026,0.00013560272009271345,1,-0.5715746459601856,-0.00010840784654305361,2.3710860878967248e-20,2.141323087494046e-16,week3_scan;z_diag=0+i*eta;origin=xi_k=2t(1-cos k);E0_Born_VC=NOT_COMPUTED;no_train
0.75,0.8,11,-0.35323367525640026,0.00013560272009271345,1,-0.5715746459601856,-0.00010840784654305361,0.0,1.0886839128277888e-17,week3_scan;z_diag=0+i*eta;origin=xi_k=2t(1-cos k);E0_Born_VC=NOT_COMPUTED;no_train
0.75,0.8,12,-0.35323367525640026,0.00013560272009271345,1,-0.5715746459601856,-0.00010840784654305361,0.0,0.0,week3_scan;z_diag=0+i*eta;origin=xi_k=2t(1-cos k);E0_Born_VC=NOT_COMPUTED;no_train
0.75,0.8,13,-0.35323367525640026,0.00013560272009271345,1,-0.5715746459601856,-0.00010840784654305361,0.0,0.0,week3_scan;z_diag=0+i*eta;origin=xi_k=2t(1-cos k);E0_Born_VC=NOT_COMPUTED;no_train
0.75,0.8,14,-0.35323367525640026,0.00013560272009271345,1,-0.5715746459601856,-0.00010840784654305361,0.0,0.0,week3_scan;z_diag=0+i*eta;origin=xi_k=2t(1-cos k);E0_Born_VC=NOT_COMPUTED;no_train
0.75,0.8,15,-0.35323367525640026,0.00013560272009271345,1,-0.5715746459601856,-0.00010840784654305361,0.0,0.0,week3_scan;z_diag=0+i*eta;origin=xi_k=2t(1-cos k);E0_Born_VC=NOT_COMPUTED;no_train
0.75,0.8,16,-0.35323367525640026,0.00013560272009271345,1,-0.5715746459601856,-0.00010840784654305361,0.0,0.0,week3_scan;z_diag=0+i*eta;origin=xi_k=2t(1-cos k);E0_Born_VC=NOT_COMPUTED;no_train
0.75,0.8,17,-0.35323367525640026,0.00013560272009271345,1,-0.5715746459601856,-0.00010840784654305361,0.0,0.0,week3_scan;z_diag=0+i*eta;origin=xi_k=2t(1-cos k);E0_Born_VC=NOT_COMPUTED;no_train
0.75,0.8,18,-0.35323367525640026,0.00013560272009271345,1,-0.5715746459601856,-0.00010840784654305361,0.0,0.0,week3_scan;z_diag=0+i*eta;origin=xi_k=2t(1-cos k);E0_Born_VC=NOT_COMPUTED;no_train
0.75,0.8,19,-0.35323367525640026,0.00013560272009271345,1,-0.5715746459601856,-0.00010840784654305361,0.0,0.0,week3_scan;z_diag=0+i*eta;origin=xi_k=2t(1-cos k);E0_Born_VC=NOT_COMPUTED;no_train
0.75,0.8,20,-0.35323367525640026,0.00013560272009271345,1,-0.5715746459601856,-0.00010840784654305361,0.0,0.0,week3_scan;z_diag=0+i*eta;origin=xi_k=2t(1-cos k);E0_Born_VC=NOT_COMPUTED;no_train
0.75,0.8,21,-0.35323367525640026,0.00013560272009271345,1,-0.5715746459601856,-0.00010840784654305361,0.0,0.0,week3_scan;z_diag=0+i*eta;origin=xi_k=2t(1-cos k);E0_Born_VC=NOT_COMPUTED;no_train
0.75,0.8,22,-0.35323367525640026,0.00013560272009271345,1,-0.5715746459601856,-0.00010840784654305361,0.0,0.0,week3_scan;z_diag=0+i*eta;origin=xi_k=2t(1-cos k);E0_Born_VC=NOT_COMPUTED;no_train
0.75,0.8,23,-0.35323367525640026,0.00013560272009271345,1,-0.5715746459601856,-0.00010840784654305361,0.0,0.0,week3_scan;z_diag=0+i*eta;origin=xi_k=2t(1-cos k);E0_Born_VC=NOT_COMPUTED;no_train
0.75,0.8,24,-0.35323367525640026,0.00013560272009271345,1,-0.5715746459601856,-0.00010840784654305361,0.0,0.0,week3_scan;z_diag=0+i*eta;origin=xi_k=2t(1-cos k);E0_Born_VC=NOT_COMPUTED;no_train
0.75,0.8,25,-0.35323367525640026,0.00013560272009271345,1,-0.5715746459601856,-0.00010840784654305361,0.0,0.0,week3_scan;z_diag=0+i*eta;origin=xi_k=2t(1-cos k);E0_Born_VC=NOT_COMPUTED;no_train
0.75,0.8,26,-0.35323367525640026,0.00013560272009271345,1,-0.5715746459601856,-0.00010840784654305361,0.0,0.0,week3_scan;z_diag=0+i*eta;origin=xi_k=2t(1-cos k);E0_Born_VC=NOT_COMPUTED;no_train
0.75,0.8,27,-0.35323367525640026,0.00013560272009271345,1,-0.5715746459601856,-0.00010840784654305361,0.0,0.0,week3_scan;z_diag=0+i*eta;origin=xi_k=2t(1-cos k);E0_Born_VC=NOT_COMPUTED;no_train
0.75,0.8,28,-0.35323367525640026,0.00013560272009271345,1,-0.5715746459601856,-0.00010840784654305361,0.0,0.0,week3_scan;z_diag=0+i*eta;origin=xi_k=2t(1-cos k);E0_Born_VC=NOT_COMPUTED;no_train
0.75,0.8,29,-0.35323367525640026,0.00013560272009271345,1,-0.5715746459601856,-0.00010840784654305361,0.0,0.0,week3_scan;z_diag=0+i*eta;origin=xi_k=2t(1-cos k);E0_Born_VC=NOT_COMPUTED;no_train
0.75,0.8,30,-0.35323367525640026,0.00013560272009271345,1,-0.5715746459601856,-0.00010840784654305361,0.0,0.0,week3_scan;z_diag=0+i*eta;origin=xi_k=2t(1-cos k);E0_Born_VC=NOT_COMPUTED;no_train
0.75,0.8,31,-0.35323367525640026,0.00013560272009271345,1,-0.5715746459601856,-0.00010840784654305361,0.0,0.0,week3_scan;z_diag=0+i*eta;origin=xi_k=2t(1-cos k);E0_Born_VC=NOT_COMPUTED;no_train
0.75,0.8,32,-0.35323367525640026,0.00013560272009271345,1,-0.5715746459601856,-0.00010840784654305361,0.0,0.0,week3_scan;z_diag=0+i*eta;origin=xi_k=2t(1-cos k);E0_Born_VC=NOT_COMPUTED;no_train
0.75,0.8,33,-0.35323367525640026,0.00013560272009271345,1,-0.5715746459601856,-0.00010840784654305361,0.0,0.0,week3_scan;z_diag=0+i*eta;origin=xi_k=2t(1-cos k);E0_Born_VC=NOT_COMPUTED;no_train
0.75,0.8,34,-0.35323367525640026,0.00013560272009271345,1,-0.5715746459601856,-0.00010840784654305361,0.0,0.0,week3_scan;z_diag=0+i*eta;origin=xi_k=2t(1-cos k);E0_Born_VC=NOT_COMPUTED;no_train
0.75,0.8,35,-0.35323367525640026,0.00013560272009271345,1,-0.5715746459601856,-0.00010840784654305361,0.0,0.0,week3_scan;z_diag=0+i*eta;origin=xi_k=2t(1-cos k);E0_Born_VC=NOT_COMPUTED;no_train
0.75,0.8,36,-0.35323367525640026,0.00013560272009271345,1,-0.5715746459601856,-0.00010840784654305361,0.0,0.0,week3_scan;z_diag=0+i*eta;origin=xi_k=2t(1-cos k);E0_Born_VC=NOT_COMPUTED;no_train
0.75,0.8,37,-0.35323367525640026,0.00013560272009271345,1,-0.5715746459601856,-0.00010840784654305361,0.0,0.0,week3_scan;z_diag=0+i*eta;origin=xi_k=2t(1-cos k);E0_Born_VC=NOT_COMPUTED;no_train
0.75,0.8,38,-0.35323367525640026,0.00013560272009271345,1,-0.5715746459601856,-0.00010840784654305361,0.0,0.0,week3_scan;z_diag=0+i*eta;origin=xi_k=2t(1-cos k);E0_Born_VC=NOT_COMPUTED;no_train
0.75,0.8,39,-0.35323367525640026,0.00013560272009271345,1,-0.5715746459601856,-0.00010840784654305361,0.0,0.0,week3_scan;z_diag=0+i*eta;origin=xi_k=2t(1-cos k);E0_Born_VC=NOT_COMPUTED;no_train
0.75,0.8,40,-0.35323367525640026,0.00013560272009271345,1,-0.5715746459601856,-0.00010840784654305361,0.0,0.0,week3_scan;z_diag=0+i*eta;origin=xi_k=2t(1-cos k);E0_Born_VC=NOT_COMPUTED;no_train
0.75,0.8,41,-0.35323367525640026,0.00013560272009271345,1,-0.5715746459601856,-0.00010840784654305361,0.0,0.0,week3_scan;z_diag=0+i*eta;origin=xi_k=2t(1-cos k);E0_Born_VC=NOT_COMPUTED;no_train
0.75,0.8,42,-0.35323367525640026,0.00013560272009271345,1,-0.5715746459601856,-0.00010840784654305361,0.0,0.0,week3_scan;z_diag=0+i*eta;origin=xi_k=2t(1-cos k);E0_Born_VC=NOT_COMPUTED;no_train
0.75,0.8,43,-0.35323367525640026,0.00013560272009271345,1,-0.5715746459601856,-0.00010840784654305361,0.0,0.0,week3_scan;z_diag=0+i*eta;origin=xi_k=2t(1-cos k);E0_Born_VC=NOT_COMPUTED;no_train
0.75,0.8,44,-0.35323367525640026,0.00013560272009271345,1,-0.5715746459601856,-0.00010840784654305361,0.0,0.0,week3_scan;z_diag=0+i*eta;origin=xi_k=2t(1-cos k);E0_Born_VC=NOT_COMPUTED;no_train
0.75,0.8,45,-0.35323367525640026,0.00013560272009271345,1,-0.5715746459601856,-0.00010840784654305361,0.0,0.0,week3_scan;z_diag=0+i*eta;origin=xi_k=2t(1-cos k);E0_Born_VC=NOT_COMPUTED;no_train
0.75,0.8,46,-0.35323367525640026,0.00013560272009271345,1,-0.5715746459601856,-0.00010840784654305361,0.0,0.0,week3_scan;z_diag=0+i*eta;origin=xi_k=2t(1-cos k);E0_Born_VC=NOT_COMPUTED;no_train
0.75,0.8,47,-0.35323367525640026,0.00013560272009271345,1,-0.5715746459601856,-0.00010840784654305361,0.0,0.0,week3_scan;z_diag=0+i*eta;origin=xi_k=2t(1-cos k);E0_Born_VC=NOT_COMPUTED;no_train
0.75,0.8,48,-0.35323367525640026,0.00013560272009271345,1,-0.5715746459601856,-0.00010840784654305361,0.0,0.0,week3_scan;z_diag=0+i*eta;origin=xi_k=2t(1-cos k);E0_Born_VC=NOT_COMPUTED;no_train
0.75,0.8,49,-0.35323367525640026,0.00013560272009271345,1,-0.5715746459601856,-0.00010840784654305361,0.0,0.0,week3_scan;z_diag=0+i*eta;origin=xi_k=2t(1-cos k);E0_Born_VC=NOT_COMPUTED;no_train
0.75,0.8,50,-0.35323367525640026,0.00013560272009271345,1,-0.5715746459601856,-0.00010840784654305361,0.0,0.0,week3_scan;z_diag=0+i*eta;origin=xi_k=2t(1-cos k);E0_Born_VC=NOT_COMPUTED;no_train
0.75,0.8,51,-0.35323367525640026,0.00013560272009271345,1,-0.5715746459601856,-0.00010840784654305361,0.0,0.0,week3_scan;z_diag=0+i*eta;origin=xi_k=2t(1-cos k);E0_Born_VC=NOT_COMPUTED;no_train
0.75,0.8,52,-0.35323367525640026,0.00013560272009271345,1,-0.5715746459601856,-0.00010840784654305361,0.0,0.0,week3_scan;z_diag=0+i*eta;origin=xi_k=2t(1-cos k);E0_Born_VC=NOT_COMPUTED;no_train
0.75,0.8,53,-0.35323367525640026,0.00013560272009271345,1,-0.5715746459601856,-0.00010840784654305361,0.0,0.0,week3_scan;z_diag=0+i*eta;origin=xi_k=2t(1-cos k);E0_Born_VC=NOT_COMPUTED;no_train
0.75,0.8,54,-0.35323367525640026,0.00013560272009271345,1,-0.5715746459601856,-0.00010840784654305361,0.0,0.0,week3_scan;z_diag=0+i*eta;origin=xi_k=2t(1-cos k);E0_Born_VC=NOT_COMPUTED;no_train
0.75,0.8,55,-0.35323367525640026,0.00013560272009271345,1,-0.5715746459601856,-0.00010840784654305361,0.0,0.0,week3_scan;z_diag=0+i*eta;origin=xi_k=2t(1-cos k);E0_Born_VC=NOT_COMPUTED;no_train
0.75,0.8,56,-0.35323367525640026,0.00013560272009271345,1,-0.5715746459601856,-0.00010840784654305361,0.0,0.0,week3_scan;z_diag=0+i*eta;origin=xi_k=2t(1-cos k);E0_Born_VC=NOT_COMPUTED;no_train
0.75,0.8,57,-0.35323367525640026,0.00013560272009271345,1,-0.5715746459601856,-0.00010840784654305361,0.0,0.0,week3_scan;z_diag=0+i*eta;origin=xi_k=2t(1-cos k);E0_Born_VC=NOT_COMPUTED;no_train
0.75,0.8,58,-0.35323367525640026,0.00013560272009271345,1,-0.5715746459601856,-0.00010840784654305361,0.0,0.0,week3_scan;z_diag=0+i*eta;origin=xi_k=2t(1-cos k);E0_Born_VC=NOT_COMPUTED;no_train
0.75,0.8,59,-0.35323367525640026,0.00013560272009271345,1,-0.5715746459601856,-0.00010840784654305361,0.0,0.0,week3_scan;z_diag=0+i*eta;origin=xi_k=2t(1-cos k);E0_Born_VC=NOT_COMPUTED;no_train
0.75,0.8,60,-0.35323367525640026,0.00013560272009271345,1,-0.5715746459601856,-0.00010840784654305361,0.0,0.0,week3_scan;z_diag=0+i*eta;origin=xi_k=2t(1-cos k);E0_Born_VC=NOT_COMPUTED;no_train
0.75,0.8,61,-0.35323367525640026,0.00013560272009271345,1,-0.5715746459601856,-0.00010840784654305361,0.0,0.0,week3_scan;z_diag=0+i*eta;origin=xi_k=2t(1-cos k);E0_Born_VC=NOT_COMPUTED;no_train
0.75,0.8,62,-0.35323367525640026,0.00013560272009271345,1,-0.5715746459601856,-0.00010840784654305361,0.0,0.0,week3_scan;z_diag=0+i*eta;origin=xi_k=2t(1-cos k);E0_Born_VC=NOT_COMPUTED;no_train
0.75,0.8,63,-0.35323367525640026,0.00013560272009271345,1,-0.5715746459601856,-0.00010840784654305361,0.0,0.0,week3_scan;z_diag=0+i*eta;origin=xi_k=2t(1-cos k);E0_Born_VC=NOT_COMPUTED;no_train
0.75,0.8,64,-0.35323367525640026,0.00013560272009271345,1,-0.5715746459601856,-0.00010840784654305361,0.0,0.0,week3_scan;z_diag=0+i*eta;origin=xi_k=2t(1-cos k);E0_Born_VC=NOT_COMPUTED;no_train
0.75,2.0,0,-0.1748658676873891,0.00010668366469687947,1,-0.18749999963541666,-7.812499982204861e-06,,,week3_scan;z_diag=0+i*eta;origin=xi_k=2t(1-cos k);E0_Born_VC=NOT_COMPUTED;no_train
0.75,2.0,1,-0.18148557905049506,0.00010740993470244661,1,-0.19616732549066096,-8.835320648289761e-06,0.04418333116957685,0.028213655716949913,week3_scan;z_diag=0+i*eta;origin=xi_k=2t(1-cos k);E0_Born_VC=NOT_COMPUTED;no_train
0.75,2.0,2,-0.1815875396012704,0.000107425533389823,1,-0.19631236436082633,-8.858669522727493e-06,0.0007388167952096337,0.0004362156051725237,week3_scan;z_diag=0+i*eta;origin=xi_k=2t(1-cos k);E0_Born_VC=NOT_COMPUTED;no_train
0.75,2.0,3,-0.18158836708444845,0.00010742568370160048,1,-0.1963136009997095,-8.85890262104885e-06,6.299303245259312e-06,3.6436255622990123e-06,week3_scan;z_diag=0+i*eta;origin=xi_k=2t(1-cos k);E0_Born_VC=NOT_COMPUTED;no_train
0.75,2.0,4,-0.18158837130854927,0.00010742568456123332,1,-0.1963136075526152,-8.858903992410688e-06,3.337978419614574e-08,1.920619354565449e-08,week3_scan;z_diag=0+i*eta;origin=xi_k=2t(1-cos k);E0_Born_VC=NOT_COMPUTED;no_train
0.75,2.0,5,-0.18158837132347952,0.00010742568456454089,1,-0.19631360757651162,-8.858903997815033e-06,1.2172570973679092e-10,7.008497281448354e-11,week3_scan;z_diag=0+i*eta;origin=xi_k=2t(1-cos k);E0_Born_VC=NOT_COMPUTED;no_train
0.75,2.0,6,-0.18158837132352318,0.00010742568456455007,1,-0.19631360757657557,-8.858903997830401e-06,3.2574842258494437e-13,1.8807654326214915e-13,week3_scan;z_diag=0+i*eta;origin=xi_k=2t(1-cos k);E0_Born_VC=NOT_COMPUTED;no_train
0.75,2.0,7,-0.18158837132352318,0.00010742568456455009,1,-0.19631360757657568,-8.858903997830434e-06,5.65535463312104e-16,3.9647275041215725e-16,week3_scan;z_diag=0+i*eta;origin=xi_k=2t(1-cos k);E0_Born_VC=NOT_COMPUTED;no_train
0.75,2.0,8,-0.18158837132352318,0.00010742568456455009,1,-0.19631360757657568,-8.858903997830434e-06,0.0,9.004226818142271e-18,week3_scan;z_diag=0+i*eta;origin=xi_k=2t(1-cos k);E0_Born_VC=NOT_COMPUTED;no_train
0.75,2.0,9,-0.18158837132352318,0.00010742568456455009,1,-0.19631360757657568,-8.858903997830434e-06,0.0,0.0,week3_scan;z_diag=0+i*eta;origin=xi_k=2t(1-cos k);E0_Born_VC=NOT_COMPUTED;no_train
0.75,2.0,10,-0.18158837132352318,0.00010742568456455009,1,-0.19631360757657568,-8.858903997830434e-06,0.0,0.0,week3_scan;z_diag=0+i*eta;origin=xi_k=2t(1-cos k);E0_Born_VC=NOT_COMPUTED;no_train
0.75,2.0,11,-0.18158837132352318,0.00010742568456455009,1,-0.19631360757657568,-8.858903997830434e-06,0.0,0.0,week3_scan;z_diag=0+i*eta;origin=xi_k=2t(1-cos k);E0_Born_VC=NOT_COMPUTED;no_train
0.75,2.0,12,-0.18158837132352318,0.00010742568456455009,1,-0.19631360757657568,-8.858903997830434e-06,0.0,0.0,week3_scan;z_diag=0+i*eta;origin=xi_k=2t(1-cos k);E0_Born_VC=NOT_COMPUTED;no_train
0.75,2.0,13,-0.18158837132352318,0.00010742568456455009,1,-0.19631360757657568,-8.858903997830434e-06,0.0,0.0,week3_scan;z_diag=0+i*eta;origin=xi_k=2t(1-cos k);E0_Born_VC=NOT_COMPUTED;no_train
0.75,2.0,14,-0.18158837132352318,0.00010742568456455009,1,-0.19631360757657568,-8.858903997830434e-06,0.0,0.0,week3_scan;z_diag=0+i*eta;origin=xi_k=2t(1-cos k);E0_Born_VC=NOT_COMPUTED;no_train
0.75,2.0,15,-0.18158837132352318,0.00010742568456455009,1,-0.19631360757657568,-8.858903997830434e-06,0.0,0.0,week3_scan;z_diag=0+i*eta;origin=xi_k=2t(1-cos k);E0_Born_VC=NOT_COMPUTED;no_train
0.75,2.0,16,-0.18158837132352318,0.00010742568456455009,1,-0.19631360757657568,-8.858903997830434e-06,0.0,0.0,week3_scan;z_diag=0+i*eta;origin=xi_k=2t(1-cos k);E0_Born_VC=NOT_COMPUTED;no_train
0.75,2.0,17,-0.18158837132352318,0.00010742568456455009,1,-0.19631360757657568,-8.858903997830434e-06,0.0,0.0,week3_scan;z_diag=0+i*eta;origin=xi_k=2t(1-cos k);E0_Born_VC=NOT_COMPUTED;no_train
0.75,2.0,18,-0.18158837132352318,0.00010742568456455009,1,-0.19631360757657568,-8.858903997830434e-06,0.0,0.0,week3_scan;z_diag=0+i*eta;origin=xi_k=2t(1-cos k);E0_Born_VC=NOT_COMPUTED;no_train
0.75,2.0,19,-0.18158837132352318,0.00010742568456455009,1,-0.19631360757657568,-8.858903997830434e-06,0.0,0.0,week3_scan;z_diag=0+i*eta;origin=xi_k=2t(1-cos k);E0_Born_VC=NOT_COMPUTED;no_train
0.75,2.0,20,-0.18158837132352318,0.00010742568456455009,1,-0.19631360757657568,-8.858903997830434e-06,0.0,0.0,week3_scan;z_diag=0+i*eta;origin=xi_k=2t(1-cos k);E0_Born_VC=NOT_COMPUTED;no_train
0.75,2.0,21,-0.18158837132352318,0.00010742568456455009,1,-0.19631360757657568,-8.858903997830434e-06,0.0,0.0,week3_scan;z_diag=0+i*eta;origin=xi_k=2t(1-cos k);E0_Born_VC=NOT_COMPUTED;no_train
0.75,2.0,22,-0.18158837132352318,0.00010742568456455009,1,-0.19631360757657568,-8.858903997830434e-06,0.0,0.0,week3_scan;z_diag=0+i*eta;origin=xi_k=2t(1-cos k);E0_Born_VC=NOT_COMPUTED;no_train
0.75,2.0,23,-0.18158837132352318,0.00010742568456455009,1,-0.19631360757657568,-8.858903997830434e-06,0.0,0.0,week3_scan;z_diag=0+i*eta;origin=xi_k=2t(1-cos k);E0_Born_VC=NOT_COMPUTED;no_train
0.75,2.0,24,-0.18158837132352318,0.00010742568456455009,1,-0.19631360757657568,-8.858903997830434e-06,0.0,0.0,week3_scan;z_diag=0+i*eta;origin=xi_k=2t(1-cos k);E0_Born_VC=NOT_COMPUTED;no_train
0.75,2.0,25,-0.18158837132352318,0.00010742568456455009,1,-0.19631360757657568,-8.858903997830434e-06,0.0,0.0,week3_scan;z_diag=0+i*eta;origin=xi_k=2t(1-cos k);E0_Born_VC=NOT_COMPUTED;no_train
0.75,2.0,26,-0.18158837132352318,0.00010742568456455009,1,-0.19631360757657568,-8.858903997830434e-06,0.0,0.0,week3_scan;z_diag=0+i*eta;origin=xi_k=2t(1-cos k);E0_Born_VC=NOT_COMPUTED;no_train
0.75,2.0,27,-0.18158837132352318,0.00010742568456455009,1,-0.19631360757657568,-8.858903997830434e-06,0.0,0.0,week3_scan;z_diag=0+i*eta;origin=xi_k=2t(1-cos k);E0_Born_VC=NOT_COMPUTED;no_train
0.75,2.0,28,-0.18158837132352318,0.00010742568456455009,1,-0.19631360757657568,-8.858903997830434e-06,0.0,0.0,week3_scan;z_diag=0+i*eta;origin=xi_k=2t(1-cos k);E0_Born_VC=NOT_COMPUTED;no_train
0.75,2.0,29,-0.18158837132352318,0.00010742568456455009,1,-0.19631360757657568,-8.858903997830434e-06,0.0,0.0,week3_scan;z_diag=0+i*eta;origin=xi_k=2t(1-cos k);E0_Born_VC=NOT_COMPUTED;no_train
0.75,2.0,30,-0.18158837132352318,0.00010742568456455009,1,-0.19631360757657568,-8.858903997830434e-06,0.0,0.0,week3_scan;z_diag=0+i*eta;origin=xi_k=2t(1-cos k);E0_Born_VC=NOT_COMPUTED;no_train
0.75,2.0,31,-0.18158837132352318,0.00010742568456455009,1,-0.19631360757657568,-8.858903997830434e-06,0.0,0.0,week3_scan;z_diag=0+i*eta;origin=xi_k=2t(1-cos k);E0_Born_VC=NOT_COMPUTED;no_train
0.75,2.0,32,-0.18158837132352318,0.00010742568456455009,1,-0.19631360757657568,-8.858903997830434e-06,0.0,0.0,week3_scan;z_diag=0+i*eta;origin=xi_k=2t(1-cos k);E0_Born_VC=NOT_COMPUTED;no_train
0.75,2.0,33,-0.18158837132352318,0.00010742568456455009,1,-0.19631360757657568,-8.858903997830434e-06,0.0,0.0,week3_scan;z_diag=0+i*eta;origin=xi_k=2t(1-cos k);E0_Born_VC=NOT_COMPUTED;no_train
0.75,2.0,34,-0.18158837132352318,0.00010742568456455009,1,-0.19631360757657568,-8.858903997830434e-06,0.0,0.0,week3_scan;z_diag=0+i*eta;origin=xi_k=2t(1-cos k);E0_Born_VC=NOT_COMPUTED;no_train
0.75,2.0,35,-0.18158837132352318,0.00010742568456455009,1,-0.19631360757657568,-8.858903997830434e-06,0.0,0.0,week3_scan;z_diag=0+i*eta;origin=xi_k=2t(1-cos k);E0_Born_VC=NOT_COMPUTED;no_train
0.75,2.0,36,-0.18158837132352318,0.00010742568456455009,1,-0.19631360757657568,-8.858903997830434e-06,0.0,0.0,week3_scan;z_diag=0+i*eta;origin=xi_k=2t(1-cos k);E0_Born_VC=NOT_COMPUTED;no_train
0.75,2.0,37,-0.18158837132352318,0.00010742568456455009,1,-0.19631360757657568,-8.858903997830434e-06,0.0,0.0,week3_scan;z_diag=0+i*eta;origin=xi_k=2t(1-cos k);E0_Born_VC=NOT_COMPUTED;no_train
0.75,2.0,38,-0.18158837132352318,0.00010742568456455009,1,-0.19631360757657568,-8.858903997830434e-06,0.0,0.0,week3_scan;z_diag=0+i*eta;origin=xi_k=2t(1-cos k);E0_Born_VC=NOT_COMPUTED;no_train
0.75,2.0,39,-0.18158837132352318,0.00010742568456455009,1,-0.19631360757657568,-8.858903997830434e-06,0.0,0.0,week3_scan;z_diag=0+i*eta;origin=xi_k=2t(1-cos k);E0_Born_VC=NOT_COMPUTED;no_train
0.75,2.0,40,-0.18158837132352318,0.00010742568456455009,1,-0.19631360757657568,-8.858903997830434e-06,0.0,0.0,week3_scan;z_diag=0+i*eta;origin=xi_k=2t(1-cos k);E0_Born_VC=NOT_COMPUTED;no_train
0.75,2.0,41,-0.18158837132352318,0.00010742568456455009,1,-0.19631360757657568,-8.858903997830434e-06,0.0,0.0,week3_scan;z_diag=0+i*eta;origin=xi_k=2t(1-cos k);E0_Born_VC=NOT_COMPUTED;no_train
0.75,2.0,42,-0.18158837132352318,0.00010742568456455009,1,-0.19631360757657568,-8.858903997830434e-06,0.0,0.0,week3_scan;z_diag=0+i*eta;origin=xi_k=2t(1-cos k);E0_Born_VC=NOT_COMPUTED;no_train
0.75,2.0,43,-0.18158837132352318,0.00010742568456455009,1,-0.19631360757657568,-8.858903997830434e-06,0.0,0.0,week3_scan;z_diag=0+i*eta;origin=xi_k=2t(1-cos k);E0_Born_VC=NOT_COMPUTED;no_train
0.75,2.0,44,-0.18158837132352318,0.00010742568456455009,1,-0.19631360757657568,-8.858903997830434e-06,0.0,0.0,week3_scan;z_diag=0+i*eta;origin=xi_k=2t(1-cos k);E0_Born_VC=NOT_COMPUTED;no_train
0.75,2.0,45,-0.18158837132352318,0.00010742568456455009,1,-0.19631360757657568,-8.858903997830434e-06,0.0,0.0,week3_scan;z_diag=0+i*eta;origin=xi_k=2t(1-cos k);E0_Born_VC=NOT_COMPUTED;no_train
0.75,2.0,46,-0.18158837132352318,0.00010742568456455009,1,-0.19631360757657568,-8.858903997830434e-06,0.0,0.0,week3_scan;z_diag=0+i*eta;origin=xi_k=2t(1-cos k);E0_Born_VC=NOT_COMPUTED;no_train
0.75,2.0,47,-0.18158837132352318,0.00010742568456455009,1,-0.19631360757657568,-8.858903997830434e-06,0.0,0.0,week3_scan;z_diag=0+i*eta;origin=xi_k=2t(1-cos k);E0_Born_VC=NOT_COMPUTED;no_train
0.75,2.0,48,-0.18158837132352318,0.00010742568456455009,1,-0.19631360757657568,-8.858903997830434e-06,0.0,0.0,week3_scan;z_diag=0+i*eta;origin=xi_k=2t(1-cos k);E0_Born_VC=NOT_COMPUTED;no_train
0.75,2.0,49,-0.18158837132352318,0.00010742568456455009,1,-0.19631360757657568,-8.858903997830434e-06,0.0,0.0,week3_scan;z_diag=0+i*eta;origin=xi_k=2t(1-cos k);E0_Born_VC=NOT_COMPUTED;no_train
0.75,2.0,50,-0.18158837132352318,0.00010742568456455009,1,-0.19631360757657568,-8.858903997830434e-06,0.0,0.0,week3_scan;z_diag=0+i*eta;origin=xi_k=2t(1-cos k);E0_Born_VC=NOT_COMPUTED;no_train
0.75,2.0,51,-0.18158837132352318,0.00010742568456455009,1,-0.19631360757657568,-8.858903997830434e-06,0.0,0.0,week3_scan;z_diag=0+i*eta;origin=xi_k=2t(1-cos k);E0_Born_VC=NOT_COMPUTED;no_train
0.75,2.0,52,-0.18158837132352318,0.00010742568456455009,1,-0.19631360757657568,-8.858903997830434e-06,0.0,0.0,week3_scan;z_diag=0+i*eta;origin=xi_k=2t(1-cos k);E0_Born_VC=NOT_COMPUTED;no_train
0.75,2.0,53,-0.18158837132352318,0.00010742568456455009,1,-0.19631360757657568,-8.858903997830434e-06,0.0,0.0,week3_scan;z_diag=0+i*eta;origin=xi_k=2t(1-cos k);E0_Born_VC=NOT_COMPUTED;no_train
0.75,2.0,54,-0.18158837132352318,0.00010742568456455009,1,-0.19631360757657568,-8.858903997830434e-06,0.0,0.0,week3_scan;z_diag=0+i*eta;origin=xi_k=2t(1-cos k);E0_Born_VC=NOT_COMPUTED;no_train
0.75,2.0,55,-0.18158837132352318,0.00010742568456455009,1,-0.19631360757657568,-8.858903997830434e-06,0.0,0.0,week3_scan;z_diag=0+i*eta;origin=xi_k=2t(1-cos k);E0_Born_VC=NOT_COMPUTED;no_train
0.75,2.0,56,-0.18158837132352318,0.00010742568456455009,1,-0.19631360757657568,-8.858903997830434e-06,0.0,0.0,week3_scan;z_diag=0+i*eta;origin=xi_k=2t(1-cos k);E0_Born_VC=NOT_COMPUTED;no_train
0.75,2.0,57,-0.18158837132352318,0.00010742568456455009,1,-0.19631360757657568,-8.858903997830434e-06,0.0,0.0,week3_scan;z_diag=0+i*eta;origin=xi_k=2t(1-cos k);E0_Born_VC=NOT_COMPUTED;no_train
0.75,2.0,58,-0.18158837132352318,0.00010742568456455009,1,-0.19631360757657568,-8.858903997830434e-06,0.0,0.0,week3_scan;z_diag=0+i*eta;origin=xi_k=2t(1-cos k);E0_Born_VC=NOT_COMPUTED;no_train
0.75,2.0,59,-0.18158837132352318,0.00010742568456455009,1,-0.19631360757657568,-8.858903997830434e-06,0.0,0.0,week3_scan;z_diag=0+i*eta;origin=xi_k=2t(1-cos k);E0_Born_VC=NOT_COMPUTED;no_train
0.75,2.0,60,-0.18158837132352318,0.00010742568456455009,1,-0.19631360757657568,-8.858903997830434e-06,0.0,0.0,week3_scan;z_diag=0+i*eta;origin=xi_k=2t(1-cos k);E0_Born_VC=NOT_COMPUTED;no_train
0.75,2.0,61,-0.18158837132352318,0.00010742568456455009,1,-0.19631360757657568,-8.858903997830434e-06,0.0,0.0,week3_scan;z_diag=0+i*eta;origin=xi_k=2t(1-cos k);E0_Born_VC=NOT_COMPUTED;no_train
0.75,2.0,62,-0.18158837132352318,0.00010742568456455009,1,-0.19631360757657568,-8.858903997830434e-06,0.0,0.0,week3_scan;z_diag=0+i*eta;origin=xi_k=2t(1-cos k);E0_Born_VC=NOT_COMPUTED;no_train
0.75,2.0,63,-0.18158837132352318,0.00010742568456455009,1,-0.19631360757657568,-8.858903997830434e-06,0.0,0.0,week3_scan;z_diag=0+i*eta;origin=xi_k=2t(1-cos k);E0_Born_VC=NOT_COMPUTED;no_train
0.75,2.0,64,-0.18158837132352318,0.00010742568456455009,1,-0.19631360757657568,-8.858903997830434e-06,0.0,0.0,week3_scan;z_diag=0+i*eta;origin=xi_k=2t(1-cos k);E0_Born_VC=NOT_COMPUTED;no_train
1.05,0.5,0,-0.6062574864800551,0.0001471581033443201,1,-1.224999955839508,-0.00022322221340087827,,,week3_scan;z_diag=0+i*eta;origin=xi_k=2t(1-cos k);E0_Born_VC=NOT_COMPUTED;no_train
1.05,0.5,1,-0.7606898773071732,0.0001935208866474728,2,3.269698786604483,-0.0033310627693769303,1.3746518495268965,1.0001586665356474,week3_scan;z_diag=0+i*eta;origin=xi_k=2t(1-cos k);E0_Born_VC=NOT_COMPUTED;no_train
1.05,0.5,2,-0.7916496353446856,0.00021196347851314796,3,0.6737715650339108,-0.0004627728094423385,3.8528313282879423,1.6031722607438341,week3_scan;z_diag=0+i*eta;origin=xi_k=2t(1-cos k);E0_Born_VC=NOT_COMPUTED;no_train
1.05,0.5,3,-0.7958774468518894,0.0002155607646227804,5,0.3778113935382598,-0.00038652015989196344,0.7833538942972372,1.4166761062331859,week3_scan;z_diag=0+i*eta;origin=xi_k=2t(1-cos k);E0_Born_VC=NOT_COMPUTED;no_train
1.05,0.5,4,-0.7962606684119382,0.00021595735550778588,5,0.3235927896894891,-0.00038851821595727054,0.16755183222301198,1.348510630895042,week3_scan;z_diag=0+i*eta;origin=xi_k=2t(1-cos k);E0_Born_VC=NOT_COMPUTED;no_train
1.05,0.5,5,-0.796285148456118,0.00021598607009097658,5,0.31712217925868647,-0.0003897160600666577,0.020404140986760144,1.5369069483544422,week3_scan;z_diag=0+i*eta;origin=xi_k=2t(1-cos k);E0_Born_VC=NOT_COMPUTED;no_train
1.05,0.5,6,-0.7962863241999514,0.00021598758111374223,5,0.3166149499603211,-0.00038985091278987837,0.001602037212218143,0.10066482513689091,week3_scan;z_diag=0+i*eta;origin=xi_k=2t(1-cos k);E0_Born_VC=NOT_COMPUTED;no_train
1.05,0.5,7,-0.7962863686546262,0.00021598764249800722,5,0.3165862804638997,-0.00038986021861126604,9.05581762781311e-05,0.0045374806556360125,week3_scan;z_diag=0+i*eta;origin=xi_k=2t(1-cos k);E0_Born_VC=NOT_COMPUTED;no_train
1.05,0.5,8,-0.7962863700209565,0.00021598764449931644,5,0.3165850370739486,-0.0003898606824952274,3.9275043013592355e-06,0.00017932250893261043,week3_scan;z_diag=0+i*eta;origin=xi_k=2t(1-cos k);E0_Born_VC=NOT_COMPUTED;no_train
1.05,0.5,9,-0.7962863700559175,0.0002159876445531369,5,0.3165849940091115,-0.00038986070036512637,1.3602921475821063e-07,5.792113262339444e-06,week3_scan;z_diag=0+i*eta;origin=xi_k=2t(1-cos k);E0_Born_VC=NOT_COMPUTED;no_train
1.05,0.5,10,-0.7962863700566742,0.0002159876445543565,5,0.31658499278389246,-0.00038986070091890566,3.870108379745351e-09,1.5662701679851672e-07,week3_scan;z_diag=0+i*eta;origin=xi_k=2t(1-cos k);E0_Born_VC=NOT_COMPUTED;no_train
1.05,0.5,11,-0.7962863700566889,0.00021598764455437998,5,0.316584992754643,-0.00038986070093309977,9.239041060601726e-11,3.6077830273022077e-09,week3_scan;z_diag=0+i*eta;origin=xi_k=2t(1-cos k);E0_Born_VC=NOT_COMPUTED;no_train
1.05,0.5,12,-0.7962863700566889,0.0002159876445543804,5,0.3165849927540469,-0.0003898607009334068,1.883013704934022e-12,7.168716148510151e-11,week3_scan;z_diag=0+i*eta;origin=xi_k=2t(1-cos k);E0_Born_VC=NOT_COMPUTED;no_train
1.05,0.5,13,-0.7962863700566889,0.0002159876445543804,5,0.3165849927540363,-0.00038986070093341256,3.3490606458379565e-14,1.2809499131865054e-12,week3_scan;z_diag=0+i*eta;origin=xi_k=2t(1-cos k);E0_Born_VC=NOT_COMPUTED;no_train
1.05,0.5,14,-0.7962863700566889,0.0002159876445543804,5,0.3165849927540363,-0.00038986070093341267,3.4246770226418554e-19,5.392252536809524e-15,week3_scan;z_diag=0+i*eta;origin=xi_k=2t(1-cos k);E0_Born_VC=NOT_COMPUTED;no_train
1.05,0.5,15,-0.7962863700566889,0.0002159876445543804,5,0.3165849927540363,-0.00038986070093341267,0.0,2.7979987889356223e-18,week3_scan;z_diag=0+i*eta;origin=xi_k=2t(1-cos k);E0_Born_VC=NOT_COMPUTED;no_train
1.05,0.5,16,-0.7962863700566889,0.0002159876445543804,5,0.3165849927540363,-0.00038986070093341267,0.0,2.1651970521711427e-19,week3_scan;z_diag=0+i*eta;origin=xi_k=2t(1-cos k);E0_Born_VC=NOT_COMPUTED;no_train
1.05,0.5,17,-0.7962863700566889,0.0002159876445543804,5,0.3165849927540363,-0.00038986070093341267,0.0,0.0,week3_scan;z_diag=0+i*eta;origin=xi_k=2t(1-cos k);E0_Born_VC=NOT_COMPUTED;no_train
1.05,0.5,18,-0.7962863700566889,0.0002159876445543804,5,0.3165849927540363,-0.00038986070093341267,0.0,0.0,week3_scan;z_diag=0+i*eta;origin=xi_k=2t(1-cos k);E0_Born_VC=NOT_COMPUTED;no_train
1.05,0.5,19,-0.7962863700566889,0.0002159876445543804,5,0.3165849927540363,-0.00038986070093341267,0.0,0.0,week3_scan;z_diag=0+i*eta;origin=xi_k=2t(1-cos k);E0_Born_VC=NOT_COMPUTED;no_train
1.05,0.5,20,-0.7962863700566889,0.0002159876445543804,5,0.3165849927540363,-0.00038986070093341267,0.0,0.0,week3_scan;z_diag=0+i*eta;origin=xi_k=2t(1-cos k);E0_Born_VC=NOT_COMPUTED;no_train
1.05,0.5,21,-0.7962863700566889,0.0002159876445543804,5,0.3165849927540363,-0.00038986070093341267,0.0,0.0,week3_scan;z_diag=0+i*eta;origin=xi_k=2t(1-cos k);E0_Born_VC=NOT_COMPUTED;no_train
1.05,0.5,22,-0.7962863700566889,0.0002159876445543804,5,0.3165849927540363,-0.00038986070093341267,0.0,0.0,week3_scan;z_diag=0+i*eta;origin=xi_k=2t(1-cos k);E0_Born_VC=NOT_COMPUTED;no_train
1.05,0.5,23,-0.7962863700566889,0.0002159876445543804,5,0.3165849927540363,-0.00038986070093341267,0.0,0.0,week3_scan;z_diag=0+i*eta;origin=xi_k=2t(1-cos k);E0_Born_VC=NOT_COMPUTED;no_train
1.05,0.5,24,-0.7962863700566889,0.0002159876445543804,5,0.3165849927540363,-0.00038986070093341267,0.0,0.0,week3_scan;z_diag=0+i*eta;origin=xi_k=2t(1-cos k);E0_Born_VC=NOT_COMPUTED;no_train
1.05,0.5,25,-0.7962863700566889,0.0002159876445543804,5,0.3165849927540363,-0.00038986070093341267,0.0,0.0,week3_scan;z_diag=0+i*eta;origin=xi_k=2t(1-cos k);E0_Born_VC=NOT_COMPUTED;no_train
1.05,0.5,26,-0.7962863700566889,0.0002159876445543804,5,0.3165849927540363,-0.00038986070093341267,0.0,0.0,week3_scan;z_diag=0+i*eta;origin=xi_k=2t(1-cos k);E0_Born_VC=NOT_COMPUTED;no_train
1.05,0.5,27,-0.7962863700566889,0.0002159876445543804,5,0.3165849927540363,-0.00038986070093341267,0.0,0.0,week3_scan;z_diag=0+i*eta;origin=xi_k=2t(1-cos k);E0_Born_VC=NOT_COMPUTED;no_train
1.05,0.5,28,-0.7962863700566889,0.0002159876445543804,5,0.3165849927540363,-0.00038986070093341267,0.0,0.0,week3_scan;z_diag=0+i*eta;origin=xi_k=2t(1-cos k);E0_Born_VC=NOT_COMPUTED;no_train
1.05,0.5,29,-0.7962863700566889,0.0002159876445543804,5,0.3165849927540363,-0.00038986070093341267,0.0,0.0,week3_scan;z_diag=0+i*eta;origin=xi_k=2t(1-cos k);E0_Born_VC=NOT_COMPUTED;no_train
1.05,0.5,30,-0.7962863700566889,0.0002159876445543804,5,0.3165849927540363,-0.00038986070093341267,0.0,0.0,week3_scan;z_diag=0+i*eta;origin=xi_k=2t(1-cos k);E0_Born_VC=NOT_COMPUTED;no_train
1.05,0.5,31,-0.7962863700566889,0.0002159876445543804,5,0.3165849927540363,-0.00038986070093341267,0.0,0.0,week3_scan;z_diag=0+i*eta;origin=xi_k=2t(1-cos k);E0_Born_VC=NOT_COMPUTED;no_train
1.05,0.5,32,-0.7962863700566889,0.0002159876445543804,5,0.3165849927540363,-0.00038986070093341267,0.0,0.0,week3_scan;z_diag=0+i*eta;origin=xi_k=2t(1-cos k);E0_Born_VC=NOT_COMPUTED;no_train
1.05,0.5,33,-0.7962863700566889,0.0002159876445543804,5,0.3165849927540363,-0.00038986070093341267,0.0,0.0,week3_scan;z_diag=0+i*eta;origin=xi_k=2t(1-cos k);E0_Born_VC=NOT_COMPUTED;no_train
1.05,0.5,34,-0.7962863700566889,0.0002159876445543804,5,0.3165849927540363,-0.00038986070093341267,0.0,0.0,week3_scan;z_diag=0+i*eta;origin=xi_k=2t(1-cos k);E0_Born_VC=NOT_COMPUTED;no_train
1.05,0.5,35,-0.7962863700566889,0.0002159876445543804,5,0.3165849927540363,-0.00038986070093341267,0.0,0.0,week3_scan;z_diag=0+i*eta;origin=xi_k=2t(1-cos k);E0_Born_VC=NOT_COMPUTED;no_train
1.05,0.5,36,-0.7962863700566889,0.0002159876445543804,5,0.3165849927540363,-0.00038986070093341267,0.0,0.0,week3_scan;z_diag=0+i*eta;origin=xi_k=2t(1-cos k);E0_Born_VC=NOT_COMPUTED;no_train
1.05,0.5,37,-0.7962863700566889,0.0002159876445543804,5,0.3165849927540363,-0.00038986070093341267,0.0,0.0,week3_scan;z_diag=0+i*eta;origin=xi_k=2t(1-cos k);E0_Born_VC=NOT_COMPUTED;no_train
1.05,0.5,38,-0.7962863700566889,0.0002159876445543804,5,0.3165849927540363,-0.00038986070093341267,0.0,0.0,week3_scan;z_diag=0+i*eta;origin=xi_k=2t(1-cos k);E0_Born_VC=NOT_COMPUTED;no_train
1.05,0.5,39,-0.7962863700566889,0.0002159876445543804,5,0.3165849927540363,-0.00038986070093341267,0.0,0.0,week3_scan;z_diag=0+i*eta;origin=xi_k=2t(1-cos k);E0_Born_VC=NOT_COMPUTED;no_train
1.05,0.5,40,-0.7962863700566889,0.0002159876445543804,5,0.3165849927540363,-0.00038986070093341267,0.0,0.0,week3_scan;z_diag=0+i*eta;origin=xi_k=2t(1-cos k);E0_Born_VC=NOT_COMPUTED;no_train
1.05,0.5,41,-0.7962863700566889,0.0002159876445543804,5,0.3165849927540363,-0.00038986070093341267,0.0,0.0,week3_scan;z_diag=0+i*eta;origin=xi_k=2t(1-cos k);E0_Born_VC=NOT_COMPUTED;no_train
1.05,0.5,42,-0.7962863700566889,0.0002159876445543804,5,0.3165849927540363,-0.00038986070093341267,0.0,0.0,week3_scan;z_diag=0+i*eta;origin=xi_k=2t(1-cos k);E0_Born_VC=NOT_COMPUTED;no_train
1.05,0.5,43,-0.7962863700566889,0.0002159876445543804,5,0.3165849927540363,-0.00038986070093341267,0.0,0.0,week3_scan;z_diag=0+i*eta;origin=xi_k=2t(1-cos k);E0_Born_VC=NOT_COMPUTED;no_train
1.05,0.5,44,-0.7962863700566889,0.0002159876445543804,5,0.3165849927540363,-0.00038986070093341267,0.0,0.0,week3_scan;z_diag=0+i*eta;origin=xi_k=2t(1-cos k);E0_Born_VC=NOT_COMPUTED;no_train
1.05,0.5,45,-0.7962863700566889,0.0002159876445543804,5,0.3165849927540363,-0.00038986070093341267,0.0,0.0,week3_scan;z_diag=0+i*eta;origin=xi_k=2t(1-cos k);E0_Born_VC=NOT_COMPUTED;no_train
1.05,0.5,46,-0.7962863700566889,0.0002159876445543804,5,0.3165849927540363,-0.00038986070093341267,0.0,0.0,week3_scan;z_diag=0+i*eta;origin=xi_k=2t(1-cos k);E0_Born_VC=NOT_COMPUTED;no_train
1.05,0.5,47,-0.7962863700566889,0.0002159876445543804,5,0.3165849927540363,-0.00038986070093341267,0.0,0.0,week3_scan;z_diag=0+i*eta;origin=xi_k=2t(1-cos k);E0_Born_VC=NOT_COMPUTED;no_train
1.05,0.5,48,-0.7962863700566889,0.0002159876445543804,5,0.3165849927540363,-0.00038986070093341267,0.0,0.0,week3_scan;z_diag=0+i*eta;origin=xi_k=2t(1-cos k);E0_Born_VC=NOT_COMPUTED;no_train
1.05,0.5,49,-0.7962863700566889,0.0002159876445543804,5,0.3165849927540363,-0.00038986070093341267,0.0,0.0,week3_scan;z_diag=0+i*eta;origin=xi_k=2t(1-cos k);E0_Born_VC=NOT_COMPUTED;no_train
1.05,0.5,50,-0.7962863700566889,0.0002159876445543804,5,0.3165849927540363,-0.00038986070093341267,0.0,0.0,week3_scan;z_diag=0+i*eta;origin=xi_k=2t(1-cos k);E0_Born_VC=NOT_COMPUTED;no_train
1.05,0.5,51,-0.7962863700566889,0.0002159876445543804,5,0.3165849927540363,-0.00038986070093341267,0.0,0.0,week3_scan;z_diag=0+i*eta;origin=xi_k=2t(1-cos k);E0_Born_VC=NOT_COMPUTED;no_train
1.05,0.5,52,-0.7962863700566889,0.0002159876445543804,5,0.3165849927540363,-0.00038986070093341267,0.0,0.0,week3_scan;z_diag=0+i*eta;origin=xi_k=2t(1-cos k);E0_Born_VC=NOT_COMPUTED;no_train
1.05,0.5,53,-0.7962863700566889,0.0002159876445543804,5,0.3165849927540363,-0.00038986070093341267,0.0,0.0,week3_scan;z_diag=0+i*eta;origin=xi_k=2t(1-cos k);E0_Born_VC=NOT_COMPUTED;no_train
1.05,0.5,54,-0.7962863700566889,0.0002159876445543804,5,0.3165849927540363,-0.00038986070093341267,0.0,0.0,week3_scan;z_diag=0+i*eta;origin=xi_k=2t(1-cos k);E0_Born_VC=NOT_COMPUTED;no_train
1.05,0.5,55,-0.7962863700566889,0.0002159876445543804,5,0.3165849927540363,-0.00038986070093341267,0.0,0.0,week3_scan;z_diag=0+i*eta;origin=xi_k=2t(1-cos k);E0_Born_VC=NOT_COMPUTED;no_train
1.05,0.5,56,-0.7962863700566889,0.0002159876445543804,5,0.3165849927540363,-0.00038986070093341267,0.0,0.0,week3_scan;z_diag=0+i*eta;origin=xi_k=2t(1-cos k);E0_Born_VC=NOT_COMPUTED;no_train
1.05,0.5,57,-0.7962863700566889,0.0002159876445543804,5,0.3165849927540363,-0.00038986070093341267,0.0,0.0,week3_scan;z_diag=0+i*eta;origin=xi_k=2t(1-cos k);E0_Born_VC=NOT_COMPUTED;no_train
1.05,0.5,58,-0.7962863700566889,0.0002159876445543804,5,0.3165849927540363,-0.00038986070093341267,0.0,0.0,week3_scan;z_diag=0+i*eta;origin=xi_k=2t(1-cos k);E0_Born_VC=NOT_COMPUTED;no_train
1.05,0.5,59,-0.7962863700566889,0.0002159876445543804,5,0.3165849927540363,-0.00038986070093341267,0.0,0.0,week3_scan;z_diag=0+i*eta;origin=xi_k=2t(1-cos k);E0_Born_VC=NOT_COMPUTED;no_train
1.05,0.5,60,-0.7962863700566889,0.0002159876445543804,5,0.3165849927540363,-0.00038986070093341267,0.0,0.0,week3_scan;z_diag=0+i*eta;origin=xi_k=2t(1-cos k);E0_Born_VC=NOT_COMPUTED;no_train
1.05,0.5,61,-0.7962863700566889,0.0002159876445543804,5,0.3165849927540363,-0.00038986070093341267,0.0,0.0,week3_scan;z_diag=0+i*eta;origin=xi_k=2t(1-cos k);E0_Born_VC=NOT_COMPUTED;no_train
1.05,0.5,62,-0.7962863700566889,0.0002159876445543804,5,0.3165849927540363,-0.00038986070093341267,0.0,0.0,week3_scan;z_diag=0+i*eta;origin=xi_k=2t(1-cos k);E0_Born_VC=NOT_COMPUTED;no_train
1.05,0.5,63,-0.7962863700566889,0.0002159876445543804,5,0.3165849927540363,-0.00038986070093341267,0.0,0.0,week3_scan;z_diag=0+i*eta;origin=xi_k=2t(1-cos k);E0_Born_VC=NOT_COMPUTED;no_train
1.05,0.5,64,-0.7962863700566889,0.0002159876445543804,5,0.3165849927540363,-0.00038986070093341267,0.0,0.0,week3_scan;z_diag=0+i*eta;origin=xi_k=2t(1-cos k);E0_Born_VC=NOT_COMPUTED;no_train
1.05,0.8,0,-0.5209224545267934,0.00013354026396255337,1,-0.8039062391835533,-8.852538927813639e-05,,,week3_scan;z_diag=0+i*eta;origin=xi_k=2t(1-cos k);E0_Born_VC=NOT_COMPUTED;no_train
1.05,0.8,1,-0.6183407169028723,0.00015551576019176612,1,-1.6705019385279138,-0.0005367523529374331,0.5187637024182958,0.7746143379747702,week3_scan;z_diag=0+i*eta;origin=xi_k=2t(1-cos k);E0_Born_VC=NOT_COMPUTED;no_train
1.05,0.8,2,-0.6300784970600217,0.00016008949362322425,2,-2.1983323505578083,-0.0010858237153406345,0.24010502010429813,1.0006924649583306,week3_scan;z_diag=0+i*eta;origin=xi_k=2t(1-cos k);E0_Born_VC=NOT_COMPUTED;no_train
1.05,0.8,3,-0.6309098276300212,0.00016051086541804706,2,-2.286785512809777,-0.001205789802610305,0.03868016078163562,1.277140719794881,week3_scan;z_diag=0+i*eta;origin=xi_k=2t(1-cos k);E0_Born_VC=NOT_COMPUTED;no_train
1.05,0.8,4,-0.6309471250219941,0.0001605328425269837,2,-2.292789116135862,-0.0012145638444870203,0.0026184740903307867,1.314895383469693,week3_scan;z_diag=0+i*eta;origin=xi_k=2t(1-cos k);E0_Born_VC=NOT_COMPUTED;no_train
1.05,0.8,5,-0.6309482951108658,0.00016053360704805777,2,-2.2930381380062,-0.0012149404812076268,0.00010859920560477785,0.2574631130673399,week3_scan;z_diag=0+i*eta;origin=xi_k=2t(1-cos k);E0_Born_VC=NOT_COMPUTED;no_train
1.05,0.8,6,-0.6309483225605658,0.00016053362644737756,2,-2.2930454524805963,-0.0012149518248971587,3.1898548534988738e-06,0.009606542847565621,week3_scan;z_diag=0+i*eta;origin=xi_k=2t(1-cos k);E0_Born_VC=NOT_COMPUTED;no_train
1.05,0.8,7,-0.6309483230638872,0.00016053362682622206,2,-2.2930456148573803,-0.001214952081935973,7.081279308946865e-08,0.0002264425065647826,week3_scan;z_diag=0+i*eta;origin=xi_k=2t(1-cos k);E0_Born_VC=NOT_COMPUTED;no_train
1.05,0.8,8,-0.6309483230713231,0.000160533626832128,2,-2.293045617695974,-0.0012149520865084268,1.237915664125963e-09,4.152476228794401e-06,week3_scan;z_diag=0+i*eta;origin=xi_k=2t(1-cos k);E0_Born_VC=NOT_COMPUTED;no_train
1.05,0.8,9,-0.6309483230714251,0.00016053362683220192,2,-2.2930456177362233,-0.0012149520865742522,1.755271906601499e-11,6.141366437807557e-08,week3_scan;z_diag=0+i*eta;origin=xi_k=2t(1-cos k);E0_Born_VC=NOT_COMPUTED;no_train
1.05,0.8,10,-0.6309483230714251,0.00016053362683220287,2,-2.2930456177366962,-0.0012149520865750367,2.06256512790281e-13,7.499438416716188e-10,week3_scan;z_diag=0+i*eta;origin=xi_k=2t(1-cos k);E0_Born_VC=NOT_COMPUTED;no_train
1.05,0.8,11,-0.6309483230714251,0.0001605336268322029,2,-2.293045617736702,-0.0012149520865750458,2.5176848016122513e-15,7.420668891495453e-12,week3_scan;z_diag=0+i*eta;origin=xi_k=2t(1-cos k);E0_Born_VC=NOT_COMPUTED;no_train
1.05,0.8,12,-0.6309483230714251,0.0001605336268322029,2,-2.293045617736702,-0.0012149520865750458,0.0,9.354075913310892e-16,week3_scan;z_diag=0+i*eta;origin=xi_k=2t(1-cos k);E0_Born_VC=NOT_COMPUTED;no_train
1.05,0.8,13,-0.6309483230714251,0.0001605336268322029,2,-2.293045617736702,-0.0012149520865750458,0.0,6.473278600921086e-17,week3_scan;z_diag=0+i*eta;origin=xi_k=2t(1-cos k);E0_Born_VC=NOT_COMPUTED;no_train
1.05,0.8,14,-0.6309483230714251,0.0001605336268322029,2,-2.293045617736702,-0.0012149520865750458,0.0,0.0,week3_scan;z_diag=0+i*eta;origin=xi_k=2t(1-cos k);E0_Born_VC=NOT_COMPUTED;no_train
1.05,0.8,15,-0.6309483230714251,0.0001605336268322029,2,-2.293045617736702,-0.0012149520865750458,0.0,0.0,week3_scan;z_diag=0+i*eta;origin=xi_k=2t(1-cos k);E0_Born_VC=NOT_COMPUTED;no_train
1.05,0.8,16,-0.6309483230714251,0.0001605336268322029,2,-2.293045617736702,-0.0012149520865750458,0.0,0.0,week3_scan;z_diag=0+i*eta;origin=xi_k=2t(1-cos k);E0_Born_VC=NOT_COMPUTED;no_train
1.05,0.8,17,-0.6309483230714251,0.0001605336268322029,2,-2.293045617736702,-0.0012149520865750458,0.0,0.0,week3_scan;z_diag=0+i*eta;origin=xi_k=2t(1-cos k);E0_Born_VC=NOT_COMPUTED;no_train
1.05,0.8,18,-0.6309483230714251,0.0001605336268322029,2,-2.293045617736702,-0.0012149520865750458,0.0,0.0,week3_scan;z_diag=0+i*eta;origin=xi_k=2t(1-cos k);E0_Born_VC=NOT_COMPUTED;no_train
1.05,0.8,19,-0.6309483230714251,0.0001605336268322029,2,-2.293045617736702,-0.0012149520865750458,0.0,0.0,week3_scan;z_diag=0+i*eta;origin=xi_k=2t(1-cos k);E0_Born_VC=NOT_COMPUTED;no_train
1.05,0.8,20,-0.6309483230714251,0.0001605336268322029,2,-2.293045617736702,-0.0012149520865750458,0.0,0.0,week3_scan;z_diag=0+i*eta;origin=xi_k=2t(1-cos k);E0_Born_VC=NOT_COMPUTED;no_train
1.05,0.8,21,-0.6309483230714251,0.0001605336268322029,2,-2.293045617736702,-0.0012149520865750458,0.0,0.0,week3_scan;z_diag=0+i*eta;origin=xi_k=2t(1-cos k);E0_Born_VC=NOT_COMPUTED;no_train
1.05,0.8,22,-0.6309483230714251,0.0001605336268322029,2,-2.293045617736702,-0.0012149520865750458,0.0,0.0,week3_scan;z_diag=0+i*eta;origin=xi_k=2t(1-cos k);E0_Born_VC=NOT_COMPUTED;no_train
1.05,0.8,23,-0.6309483230714251,0.0001605336268322029,2,-2.293045617736702,-0.0012149520865750458,0.0,0.0,week3_scan;z_diag=0+i*eta;origin=xi_k=2t(1-cos k);E0_Born_VC=NOT_COMPUTED;no_train
1.05,0.8,24,-0.6309483230714251,0.0001605336268322029,2,-2.293045617736702,-0.0012149520865750458,0.0,0.0,week3_scan;z_diag=0+i*eta;origin=xi_k=2t(1-cos k);E0_Born_VC=NOT_COMPUTED;no_train
1.05,0.8,25,-0.6309483230714251,0.0001605336268322029,2,-2.293045617736702,-0.0012149520865750458,0.0,0.0,week3_scan;z_diag=0+i*eta;origin=xi_k=2t(1-cos k);E0_Born_VC=NOT_COMPUTED;no_train
1.05,0.8,26,-0.6309483230714251,0.0001605336268322029,2,-2.293045617736702,-0.0012149520865750458,0.0,0.0,week3_scan;z_diag=0+i*eta;origin=xi_k=2t(1-cos k);E0_Born_VC=NOT_COMPUTED;no_train
1.05,0.8,27,-0.6309483230714251,0.0001605336268322029,2,-2.293045617736702,-0.0012149520865750458,0.0,0.0,week3_scan;z_diag=0+i*eta;origin=xi_k=2t(1-cos k);E0_Born_VC=NOT_COMPUTED;no_train
1.05,0.8,28,-0.6309483230714251,0.0001605336268322029,2,-2.293045617736702,-0.0012149520865750458,0.0,0.0,week3_scan;z_diag=0+i*eta;origin=xi_k=2t(1-cos k);E0_Born_VC=NOT_COMPUTED;no_train
1.05,0.8,29,-0.6309483230714251,0.0001605336268322029,2,-2.293045617736702,-0.0012149520865750458,0.0,0.0,week3_scan;z_diag=0+i*eta;origin=xi_k=2t(1-cos k);E0_Born_VC=NOT_COMPUTED;no_train
1.05,0.8,30,-0.6309483230714251,0.0001605336268322029,2,-2.293045617736702,-0.0012149520865750458,0.0,0.0,week3_scan;z_diag=0+i*eta;origin=xi_k=2t(1-cos k);E0_Born_VC=NOT_COMPUTED;no_train
1.05,0.8,31,-0.6309483230714251,0.0001605336268322029,2,-2.293045617736702,-0.0012149520865750458,0.0,0.0,week3_scan;z_diag=0+i*eta;origin=xi_k=2t(1-cos k);E0_Born_VC=NOT_COMPUTED;no_train
1.05,0.8,32,-0.6309483230714251,0.0001605336268322029,2,-2.293045617736702,-0.0012149520865750458,0.0,0.0,week3_scan;z_diag=0+i*eta;origin=xi_k=2t(1-cos k);E0_Born_VC=NOT_COMPUTED;no_train
1.05,0.8,33,-0.6309483230714251,0.0001605336268322029,2,-2.293045617736702,-0.0012149520865750458,0.0,0.0,week3_scan;z_diag=0+i*eta;origin=xi_k=2t(1-cos k);E0_Born_VC=NOT_COMPUTED;no_train
1.05,0.8,34,-0.6309483230714251,0.0001605336268322029,2,-2.293045617736702,-0.0012149520865750458,0.0,0.0,week3_scan;z_diag=0+i*eta;origin=xi_k=2t(1-cos k);E0_Born_VC=NOT_COMPUTED;no_train
1.05,0.8,35,-0.6309483230714251,0.0001605336268322029,2,-2.293045617736702,-0.0012149520865750458,0.0,0.0,week3_scan;z_diag=0+i*eta;origin=xi_k=2t(1-cos k);E0_Born_VC=NOT_COMPUTED;no_train
1.05,0.8,36,-0.6309483230714251,0.0001605336268322029,2,-2.293045617736702,-0.0012149520865750458,0.0,0.0,week3_scan;z_diag=0+i*eta;origin=xi_k=2t(1-cos k);E0_Born_VC=NOT_COMPUTED;no_train
1.05,0.8,37,-0.6309483230714251,0.0001605336268322029,2,-2.293045617736702,-0.0012149520865750458,0.0,0.0,week3_scan;z_diag=0+i*eta;origin=xi_k=2t(1-cos k);E0_Born_VC=NOT_COMPUTED;no_train
1.05,0.8,38,-0.6309483230714251,0.0001605336268322029,2,-2.293045617736702,-0.0012149520865750458,0.0,0.0,week3_scan;z_diag=0+i*eta;origin=xi_k=2t(1-cos k);E0_Born_VC=NOT_COMPUTED;no_train
1.05,0.8,39,-0.6309483230714251,0.0001605336268322029,2,-2.293045617736702,-0.0012149520865750458,0.0,0.0,week3_scan;z_diag=0+i*eta;origin=xi_k=2t(1-cos k);E0_Born_VC=NOT_COMPUTED;no_train
1.05,0.8,40,-0.6309483230714251,0.0001605336268322029,2,-2.293045617736702,-0.0012149520865750458,0.0,0.0,week3_scan;z_diag=0+i*eta;origin=xi_k=2t(1-cos k);E0_Born_VC=NOT_COMPUTED;no_train
1.05,0.8,41,-0.6309483230714251,0.0001605336268322029,2,-2.293045617736702,-0.0012149520865750458,0.0,0.0,week3_scan;z_diag=0+i*eta;origin=xi_k=2t(1-cos k);E0_Born_VC=NOT_COMPUTED;no_train
1.05,0.8,42,-0.6309483230714251,0.0001605336268322029,2,-2.293045617736702,-0.0012149520865750458,0.0,0.0,week3_scan;z_diag=0+i*eta;origin=xi_k=2t(1-cos k);E0_Born_VC=NOT_COMPUTED;no_train
1.05,0.8,43,-0.6309483230714251,0.0001605336268322029,2,-2.293045617736702,-0.0012149520865750458,0.0,0.0,week3_scan;z_diag=0+i*eta;origin=xi_k=2t(1-cos k);E0_Born_VC=NOT_COMPUTED;no_train
1.05,0.8,44,-0.6309483230714251,0.0001605336268322029,2,-2.293045617736702,-0.0012149520865750458,0.0,0.0,week3_scan;z_diag=0+i*eta;origin=xi_k=2t(1-cos k);E0_Born_VC=NOT_COMPUTED;no_train
1.05,0.8,45,-0.6309483230714251,0.0001605336268322029,2,-2.293045617736702,-0.0012149520865750458,0.0,0.0,week3_scan;z_diag=0+i*eta;origin=xi_k=2t(1-cos k);E0_Born_VC=NOT_COMPUTED;no_train
1.05,0.8,46,-0.6309483230714251,0.0001605336268322029,2,-2.293045617736702,-0.0012149520865750458,0.0,0.0,week3_scan;z_diag=0+i*eta;origin=xi_k=2t(1-cos k);E0_Born_VC=NOT_COMPUTED;no_train
1.05,0.8,47,-0.6309483230714251,0.0001605336268322029,2,-2.293045617736702,-0.0012149520865750458,0.0,0.0,week3_scan;z_diag=0+i*eta;origin=xi_k=2t(1-cos k);E0_Born_VC=NOT_COMPUTED;no_train
1.05,0.8,48,-0.6309483230714251,0.0001605336268322029,2,-2.293045617736702,-0.0012149520865750458,0.0,0.0,week3_scan;z_diag=0+i*eta;origin=xi_k=2t(1-cos k);E0_Born_VC=NOT_COMPUTED;no_train
1.05,0.8,49,-0.6309483230714251,0.0001605336268322029,2,-2.293045617736702,-0.0012149520865750458,0.0,0.0,week3_scan;z_diag=0+i*eta;origin=xi_k=2t(1-cos k);E0_Born_VC=NOT_COMPUTED;no_train
1.05,0.8,50,-0.6309483230714251,0.0001605336268322029,2,-2.293045617736702,-0.0012149520865750458,0.0,0.0,week3_scan;z_diag=0+i*eta;origin=xi_k=2t(1-cos k);E0_Born_VC=NOT_COMPUTED;no_train
1.05,0.8,51,-0.6309483230714251,0.0001605336268322029,2,-2.293045617736702,-0.0012149520865750458,0.0,0.0,week3_scan;z_diag=0+i*eta;origin=xi_k=2t(1-cos k);E0_Born_VC=NOT_COMPUTED;no_train
1.05,0.8,52,-0.6309483230714251,0.0001605336268322029,2,-2.293045617736702,-0.0012149520865750458,0.0,0.0,week3_scan;z_diag=0+i*eta;origin=xi_k=2t(1-cos k);E0_Born_VC=NOT_COMPUTED;no_train
1.05,0.8,53,-0.6309483230714251,0.0001605336268322029,2,-2.293045617736702,-0.0012149520865750458,0.0,0.0,week3_scan;z_diag=0+i*eta;origin=xi_k=2t(1-cos k);E0_Born_VC=NOT_COMPUTED;no_train
1.05,0.8,54,-0.6309483230714251,0.0001605336268322029,2,-2.293045617736702,-0.0012149520865750458,0.0,0.0,week3_scan;z_diag=0+i*eta;origin=xi_k=2t(1-cos k);E0_Born_VC=NOT_COMPUTED;no_train
1.05,0.8,55,-0.6309483230714251,0.0001605336268322029,2,-2.293045617736702,-0.0012149520865750458,0.0,0.0,week3_scan;z_diag=0+i*eta;origin=xi_k=2t(1-cos k);E0_Born_VC=NOT_COMPUTED;no_train
1.05,0.8,56,-0.6309483230714251,0.0001605336268322029,2,-2.293045617736702,-0.0012149520865750458,0.0,0.0,week3_scan;z_diag=0+i*eta;origin=xi_k=2t(1-cos k);E0_Born_VC=NOT_COMPUTED;no_train
1.05,0.8,57,-0.6309483230714251,0.0001605336268322029,2,-2.293045617736702,-0.0012149520865750458,0.0,0.0,week3_scan;z_diag=0+i*eta;origin=xi_k=2t(1-cos k);E0_Born_VC=NOT_COMPUTED;no_train
1.05,0.8,58,-0.6309483230714251,0.0001605336268322029,2,-2.293045617736702,-0.0012149520865750458,0.0,0.0,week3_scan;z_diag=0+i*eta;origin=xi_k=2t(1-cos k);E0_Born_VC=NOT_COMPUTED;no_train
1.05,0.8,59,-0.6309483230714251,0.0001605336268322029,2,-2.293045617736702,-0.0012149520865750458,0.0,0.0,week3_scan;z_diag=0+i*eta;origin=xi_k=2t(1-cos k);E0_Born_VC=NOT_COMPUTED;no_train
1.05,0.8,60,-0.6309483230714251,0.0001605336268322029,2,-2.293045617736702,-0.0012149520865750458,0.0,0.0,week3_scan;z_diag=0+i*eta;origin=xi_k=2t(1-cos k);E0_Born_VC=NOT_COMPUTED;no_train
1.05,0.8,61,-0.6309483230714251,0.0001605336268322029,2,-2.293045617736702,-0.0012149520865750458,0.0,0.0,week3_scan;z_diag=0+i*eta;origin=xi_k=2t(1-cos k);E0_Born_VC=NOT_COMPUTED;no_train
1.05,0.8,62,-0.6309483230714251,0.0001605336268322029,2,-2.293045617736702,-0.0012149520865750458,0.0,0.0,week3_scan;z_diag=0+i*eta;origin=xi_k=2t(1-cos k);E0_Born_VC=NOT_COMPUTED;no_train
1.05,0.8,63,-0.6309483230714251,0.0001605336268322029,2,-2.293045617736702,-0.0012149520865750458,0.0,0.0,week3_scan;z_diag=0+i*eta;origin=xi_k=2t(1-cos k);E0_Born_VC=NOT_COMPUTED;no_train
1.05,0.8,64,-0.6309483230714251,0.0001605336268322029,2,-2.293045617736702,-0.0012149520865750458,0.0,0.0,week3_scan;z_diag=0+i*eta;origin=xi_k=2t(1-cos k);E0_Born_VC=NOT_COMPUTED;no_train
1.05,2.0,0,-0.32432865695364266,0.00011158182620779298,1,-0.36749999928541666,-1.5312499965121527e-05,,,week3_scan;z_diag=0+i*eta;origin=xi_k=2t(1-cos k);E0_Born_VC=NOT_COMPUTED;no_train
1.05,2.0,1,-0.3456608502395535,0.00011384637425943362,1,-0.40255073197103186,-1.9593057668398523e-05,0.08707159153296695,0.0564152465971182,week3_scan;z_diag=0+i*eta;origin=xi_k=2t(1-cos k);E0_Born_VC=NOT_COMPUTED;no_train
1.05,2.0,2,-0.34628981903917144,0.00011394270644061956,1,-0.40378489064842765,-1.9803195785906537e-05,0.003056475669061203,0.0018382342644668698,week3_scan;z_diag=0+i*eta;origin=xi_k=2t(1-cos k);E0_Born_VC=NOT_COMPUTED;no_train
1.05,2.0,3,-0.34629962866244024,0.00011394450984643187,1,-0.4038061069846234,-1.9807419230353305e-05,5.254090075310256e-05,3.109305596523201e-05,week3_scan;z_diag=0+i*eta;origin=xi_k=2t(1-cos k);E0_Born_VC=NOT_COMPUTED;no_train
1.05,2.0,4,-0.3462997248565661,0.00011394452975637628,1,-0.4038063305247448,-1.9807468462963942e-05,5.535825212931864e-07,3.268511044642557e-07,week3_scan;z_diag=0+i*eta;origin=xi_k=2t(1-cos k);E0_Born_VC=NOT_COMPUTED;no_train
1.05,2.0,5,-0.3462997255111695,0.00011394452990418443,1,-0.4038063321369718,-1.9807468845552014e-05,3.992574988802296e-09,2.3637922733708277e-09,week3_scan;z_diag=0+i*eta;origin=xi_k=2t(1-cos k);E0_Born_VC=NOT_COMPUTED;no_train
1.05,2.0,6,-0.34629972551444366,0.00011394452990497937,1,-0.4038063321454764,-1.9807468847692497e-05,2.106105206010992e-11,1.2530680539338624e-11,week3_scan;z_diag=0+i*eta;origin=xi_k=2t(1-cos k);E0_Born_VC=NOT_COMPUTED;no_train
1.05,2.0,7,-0.3462997255144582,0.0001139445299049826,1,-0.40380633214551076,-1.980746884770156e-05,8.50937715204072e-14,5.088635208128843e-14,week3_scan;z_diag=0+i*eta;origin=xi_k=2t(1-cos k);E0_Born_VC=NOT_COMPUTED;no_train
1.05,2.0,8,-0.3462997255144582,0.0001139445299049826,1,-0.40380633214551087,-1.9807468847701594e-05,2.7493949118861985e-16,1.842593835421645e-16,week3_scan;z_diag=0+i*eta;origin=xi_k=2t(1-cos k);E0_Born_VC=NOT_COMPUTED;no_train
1.05,2.0,9,-0.3462997255144582,0.0001139445299049826,1,-0.40380633214551087,-1.9807468847701594e-05,0.0,7.178936824015349e-18,week3_scan;z_diag=0+i*eta;origin=xi_k=2t(1-cos k);E0_Born_VC=NOT_COMPUTED;no_train
1.05,2.0,10,-0.3462997255144582,0.0001139445299049826,1,-0.40380633214551087,-1.9807468847701594e-05,0.0,0.0,week3_scan;z_diag=0+i*eta;origin=xi_k=2t(1-cos k);E0_Born_VC=NOT_COMPUTED;no_train
1.05,2.0,11,-0.3462997255144582,0.0001139445299049826,1,-0.40380633214551087,-1.9807468847701594e-05,0.0,0.0,week3_scan;z_diag=0+i*eta;origin=xi_k=2t(1-cos k);E0_Born_VC=NOT_COMPUTED;no_train
1.05,2.0,12,-0.3462997255144582,0.0001139445299049826,1,-0.40380633214551087,-1.9807468847701594e-05,0.0,0.0,week3_scan;z_diag=0+i*eta;origin=xi_k=2t(1-cos k);E0_Born_VC=NOT_COMPUTED;no_train
1.05,2.0,13,-0.3462997255144582,0.0001139445299049826,1,-0.40380633214551087,-1.9807468847701594e-05,0.0,0.0,week3_scan;z_diag=0+i*eta;origin=xi_k=2t(1-cos k);E0_Born_VC=NOT_COMPUTED;no_train
1.05,2.0,14,-0.3462997255144582,0.0001139445299049826,1,-0.40380633214551087,-1.9807468847701594e-05,0.0,0.0,week3_scan;z_diag=0+i*eta;origin=xi_k=2t(1-cos k);E0_Born_VC=NOT_COMPUTED;no_train
1.05,2.0,15,-0.3462997255144582,0.0001139445299049826,1,-0.40380633214551087,-1.9807468847701594e-05,0.0,0.0,week3_scan;z_diag=0+i*eta;origin=xi_k=2t(1-cos k);E0_Born_VC=NOT_COMPUTED;no_train
1.05,2.0,16,-0.3462997255144582,0.0001139445299049826,1,-0.40380633214551087,-1.9807468847701594e-05,0.0,0.0,week3_scan;z_diag=0+i*eta;origin=xi_k=2t(1-cos k);E0_Born_VC=NOT_COMPUTED;no_train
1.05,2.0,17,-0.3462997255144582,0.0001139445299049826,1,-0.40380633214551087,-1.9807468847701594e-05,0.0,0.0,week3_scan;z_diag=0+i*eta;origin=xi_k=2t(1-cos k);E0_Born_VC=NOT_COMPUTED;no_train
1.05,2.0,18,-0.3462997255144582,0.0001139445299049826,1,-0.40380633214551087,-1.9807468847701594e-05,0.0,0.0,week3_scan;z_diag=0+i*eta;origin=xi_k=2t(1-cos k);E0_Born_VC=NOT_COMPUTED;no_train
1.05,2.0,19,-0.3462997255144582,0.0001139445299049826,1,-0.40380633214551087,-1.9807468847701594e-05,0.0,0.0,week3_scan;z_diag=0+i*eta;origin=xi_k=2t(1-cos k);E0_Born_VC=NOT_COMPUTED;no_train
1.05,2.0,20,-0.3462997255144582,0.0001139445299049826,1,-0.40380633214551087,-1.9807468847701594e-05,0.0,0.0,week3_scan;z_diag=0+i*eta;origin=xi_k=2t(1-cos k);E0_Born_VC=NOT_COMPUTED;no_train
1.05,2.0,21,-0.3462997255144582,0.0001139445299049826,1,-0.40380633214551087,-1.9807468847701594e-05,0.0,0.0,week3_scan;z_diag=0+i*eta;origin=xi_k=2t(1-cos k);E0_Born_VC=NOT_COMPUTED;no_train
1.05,2.0,22,-0.3462997255144582,0.0001139445299049826,1,-0.40380633214551087,-1.9807468847701594e-05,0.0,0.0,week3_scan;z_diag=0+i*eta;origin=xi_k=2t(1-cos k);E0_Born_VC=NOT_COMPUTED;no_train
1.05,2.0,23,-0.3462997255144582,0.0001139445299049826,1,-0.40380633214551087,-1.9807468847701594e-05,0.0,0.0,week3_scan;z_diag=0+i*eta;origin=xi_k=2t(1-cos k);E0_Born_VC=NOT_COMPUTED;no_train
1.05,2.0,24,-0.3462997255144582,0.0001139445299049826,1,-0.40380633214551087,-1.9807468847701594e-05,0.0,0.0,week3_scan;z_diag=0+i*eta;origin=xi_k=2t(1-cos k);E0_Born_VC=NOT_COMPUTED;no_train
1.05,2.0,25,-0.3462997255144582,0.0001139445299049826,1,-0.40380633214551087,-1.9807468847701594e-05,0.0,0.0,week3_scan;z_diag=0+i*eta;origin=xi_k=2t(1-cos k);E0_Born_VC=NOT_COMPUTED;no_train
1.05,2.0,26,-0.3462997255144582,0.0001139445299049826,1,-0.40380633214551087,-1.9807468847701594e-05,0.0,0.0,week3_scan;z_diag=0+i*eta;origin=xi_k=2t(1-cos k);E0_Born_VC=NOT_COMPUTED;no_train
1.05,2.0,27,-0.3462997255144582,0.0001139445299049826,1,-0.40380633214551087,-1.9807468847701594e-05,0.0,0.0,week3_scan;z_diag=0+i*eta;origin=xi_k=2t(1-cos k);E0_Born_VC=NOT_COMPUTED;no_train
1.05,2.0,28,-0.3462997255144582,0.0001139445299049826,1,-0.40380633214551087,-1.9807468847701594e-05,0.0,0.0,week3_scan;z_diag=0+i*eta;origin=xi_k=2t(1-cos k);E0_Born_VC=NOT_COMPUTED;no_train
1.05,2.0,29,-0.3462997255144582,0.0001139445299049826,1,-0.40380633214551087,-1.9807468847701594e-05,0.0,0.0,week3_scan;z_diag=0+i*eta;origin=xi_k=2t(1-cos k);E0_Born_VC=NOT_COMPUTED;no_train
1.05,2.0,30,-0.3462997255144582,0.0001139445299049826,1,-0.40380633214551087,-1.9807468847701594e-05,0.0,0.0,week3_scan;z_diag=0+i*eta;origin=xi_k=2t(1-cos k);E0_Born_VC=NOT_COMPUTED;no_train
1.05,2.0,31,-0.3462997255144582,0.0001139445299049826,1,-0.40380633214551087,-1.9807468847701594e-05,0.0,0.0,week3_scan;z_diag=0+i*eta;origin=xi_k=2t(1-cos k);E0_Born_VC=NOT_COMPUTED;no_train
1.05,2.0,32,-0.3462997255144582,0.0001139445299049826,1,-0.40380633214551087,-1.9807468847701594e-05,0.0,0.0,week3_scan;z_diag=0+i*eta;origin=xi_k=2t(1-cos k);E0_Born_VC=NOT_COMPUTED;no_train
1.05,2.0,33,-0.3462997255144582,0.0001139445299049826,1,-0.40380633214551087,-1.9807468847701594e-05,0.0,0.0,week3_scan;z_diag=0+i*eta;origin=xi_k=2t(1-cos k);E0_Born_VC=NOT_COMPUTED;no_train
1.05,2.0,34,-0.3462997255144582,0.0001139445299049826,1,-0.40380633214551087,-1.9807468847701594e-05,0.0,0.0,week3_scan;z_diag=0+i*eta;origin=xi_k=2t(1-cos k);E0_Born_VC=NOT_COMPUTED;no_train
1.05,2.0,35,-0.3462997255144582,0.0001139445299049826,1,-0.40380633214551087,-1.9807468847701594e-05,0.0,0.0,week3_scan;z_diag=0+i*eta;origin=xi_k=2t(1-cos k);E0_Born_VC=NOT_COMPUTED;no_train
1.05,2.0,36,-0.3462997255144582,0.0001139445299049826,1,-0.40380633214551087,-1.9807468847701594e-05,0.0,0.0,week3_scan;z_diag=0+i*eta;origin=xi_k=2t(1-cos k);E0_Born_VC=NOT_COMPUTED;no_train
1.05,2.0,37,-0.3462997255144582,0.0001139445299049826,1,-0.40380633214551087,-1.9807468847701594e-05,0.0,0.0,week3_scan;z_diag=0+i*eta;origin=xi_k=2t(1-cos k);E0_Born_VC=NOT_COMPUTED;no_train
1.05,2.0,38,-0.3462997255144582,0.0001139445299049826,1,-0.40380633214551087,-1.9807468847701594e-05,0.0,0.0,week3_scan;z_diag=0+i*eta;origin=xi_k=2t(1-cos k);E0_Born_VC=NOT_COMPUTED;no_train
1.05,2.0,39,-0.3462997255144582,0.0001139445299049826,1,-0.40380633214551087,-1.9807468847701594e-05,0.0,0.0,week3_scan;z_diag=0+i*eta;origin=xi_k=2t(1-cos k);E0_Born_VC=NOT_COMPUTED;no_train
1.05,2.0,40,-0.3462997255144582,0.0001139445299049826,1,-0.40380633214551087,-1.9807468847701594e-05,0.0,0.0,week3_scan;z_diag=0+i*eta;origin=xi_k=2t(1-cos k);E0_Born_VC=NOT_COMPUTED;no_train
1.05,2.0,41,-0.3462997255144582,0.0001139445299049826,1,-0.40380633214551087,-1.9807468847701594e-05,0.0,0.0,week3_scan;z_diag=0+i*eta;origin=xi_k=2t(1-cos k);E0_Born_VC=NOT_COMPUTED;no_train
1.05,2.0,42,-0.3462997255144582,0.0001139445299049826,1,-0.40380633214551087,-1.9807468847701594e-05,0.0,0.0,week3_scan;z_diag=0+i*eta;origin=xi_k=2t(1-cos k);E0_Born_VC=NOT_COMPUTED;no_train
1.05,2.0,43,-0.3462997255144582,0.0001139445299049826,1,-0.40380633214551087,-1.9807468847701594e-05,0.0,0.0,week3_scan;z_diag=0+i*eta;origin=xi_k=2t(1-cos k);E0_Born_VC=NOT_COMPUTED;no_train
1.05,2.0,44,-0.3462997255144582,0.0001139445299049826,1,-0.40380633214551087,-1.9807468847701594e-05,0.0,0.0,week3_scan;z_diag=0+i*eta;origin=xi_k=2t(1-cos k);E0_Born_VC=NOT_COMPUTED;no_train
1.05,2.0,45,-0.3462997255144582,0.0001139445299049826,1,-0.40380633214551087,-1.9807468847701594e-05,0.0,0.0,week3_scan;z_diag=0+i*eta;origin=xi_k=2t(1-cos k);E0_Born_VC=NOT_COMPUTED;no_train
1.05,2.0,46,-0.3462997255144582,0.0001139445299049826,1,-0.40380633214551087,-1.9807468847701594e-05,0.0,0.0,week3_scan;z_diag=0+i*eta;origin=xi_k=2t(1-cos k);E0_Born_VC=NOT_COMPUTED;no_train
1.05,2.0,47,-0.3462997255144582,0.0001139445299049826,1,-0.40380633214551087,-1.9807468847701594e-05,0.0,0.0,week3_scan;z_diag=0+i*eta;origin=xi_k=2t(1-cos k);E0_Born_VC=NOT_COMPUTED;no_train
1.05,2.0,48,-0.3462997255144582,0.0001139445299049826,1,-0.40380633214551087,-1.9807468847701594e-05,0.0,0.0,week3_scan;z_diag=0+i*eta;origin=xi_k=2t(1-cos k);E0_Born_VC=NOT_COMPUTED;no_train
1.05,2.0,49,-0.3462997255144582,0.0001139445299049826,1,-0.40380633214551087,-1.9807468847701594e-05,0.0,0.0,week3_scan;z_diag=0+i*eta;origin=xi_k=2t(1-cos k);E0_Born_VC=NOT_COMPUTED;no_train
1.05,2.0,50,-0.3462997255144582,0.0001139445299049826,1,-0.40380633214551087,-1.9807468847701594e-05,0.0,0.0,week3_scan;z_diag=0+i*eta;origin=xi_k=2t(1-cos k);E0_Born_VC=NOT_COMPUTED;no_train
1.05,2.0,51,-0.3462997255144582,0.0001139445299049826,1,-0.40380633214551087,-1.9807468847701594e-05,0.0,0.0,week3_scan;z_diag=0+i*eta;origin=xi_k=2t(1-cos k);E0_Born_VC=NOT_COMPUTED;no_train
1.05,2.0,52,-0.3462997255144582,0.0001139445299049826,1,-0.40380633214551087,-1.9807468847701594e-05,0.0,0.0,week3_scan;z_diag=0+i*eta;origin=xi_k=2t(1-cos k);E0_Born_VC=NOT_COMPUTED;no_train
1.05,2.0,53,-0.3462997255144582,0.0001139445299049826,1,-0.40380633214551087,-1.9807468847701594e-05,0.0,0.0,week3_scan;z_diag=0+i*eta;origin=xi_k=2t(1-cos k);E0_Born_VC=NOT_COMPUTED;no_train
1.05,2.0,54,-0.3462997255144582,0.0001139445299049826,1,-0.40380633214551087,-1.9807468847701594e-05,0.0,0.0,week3_scan;z_diag=0+i*eta;origin=xi_k=2t(1-cos k);E0_Born_VC=NOT_COMPUTED;no_train
1.05,2.0,55,-0.3462997255144582,0.0001139445299049826,1,-0.40380633214551087,-1.9807468847701594e-05,0.0,0.0,week3_scan;z_diag=0+i*eta;origin=xi_k=2t(1-cos k);E0_Born_VC=NOT_COMPUTED;no_train
1.05,2.0,56,-0.3462997255144582,0.0001139445299049826,1,-0.40380633214551087,-1.9807468847701594e-05,0.0,0.0,week3_scan;z_diag=0+i*eta;origin=xi_k=2t(1-cos k);E0_Born_VC=NOT_COMPUTED;no_train
1.05,2.0,57,-0.3462997255144582,0.0001139445299049826,1,-0.40380633214551087,-1.9807468847701594e-05,0.0,0.0,week3_scan;z_diag=0+i*eta;origin=xi_k=2t(1-cos k);E0_Born_VC=NOT_COMPUTED;no_train
1.05,2.0,58,-0.3462997255144582,0.0001139445299049826,1,-0.40380633214551087,-1.9807468847701594e-05,0.0,0.0,week3_scan;z_diag=0+i*eta;origin=xi_k=2t(1-cos k);E0_Born_VC=NOT_COMPUTED;no_train
1.05,2.0,59,-0.3462997255144582,0.0001139445299049826,1,-0.40380633214551087,-1.9807468847701594e-05,0.0,0.0,week3_scan;z_diag=0+i*eta;origin=xi_k=2t(1-cos k);E0_Born_VC=NOT_COMPUTED;no_train
1.05,2.0,60,-0.3462997255144582,0.0001139445299049826,1,-0.40380633214551087,-1.9807468847701594e-05,0.0,0.0,week3_scan;z_diag=0+i*eta;origin=xi_k=2t(1-cos k);E0_Born_VC=NOT_COMPUTED;no_train
1.05,2.0,61,-0.3462997255144582,0.0001139445299049826,1,-0.40380633214551087,-1.9807468847701594e-05,0.0,0.0,week3_scan;z_diag=0+i*eta;origin=xi_k=2t(1-cos k);E0_Born_VC=NOT_COMPUTED;no_train
1.05,2.0,62,-0.3462997255144582,0.0001139445299049826,1,-0.40380633214551087,-1.9807468847701594e-05,0.0,0.0,week3_scan;z_diag=0+i*eta;origin=xi_k=2t(1-cos k);E0_Born_VC=NOT_COMPUTED;no_train
1.05,2.0,63,-0.3462997255144582,0.0001139445299049826,1,-0.40380633214551087,-1.9807468847701594e-05,0.0,0.0,week3_scan;z_diag=0+i*eta;origin=xi_k=2t(1-cos k);E0_Born_VC=NOT_COMPUTED;no_train
1.05,2.0,64,-0.3462997255144582,0.0001139445299049826,1,-0.40380633214551087,-1.9807468847701594e-05,0.0,0.0,week3_scan;z_diag=0+i*eta;origin=xi_k=2t(1-cos k);E0_Born_VC=NOT_COMPUTED;no_train
